frequency_hz,gain_db,phase_deg
100.0,5.14913537,76.02277154776702
100.230524,5.21158847,76.09309409571019
100.461579,5.2741002,76.16306026390481
100.693167,5.33667028,76.23266890643524
100.925289,5.39929842,76.30191887738593
101.157945,5.46198435,76.37080960379907
101.391139,5.52472778,76.43933993975908
101.624869,5.58752844,76.50750931230816
101.859139,5.65038604,76.57531657553072
102.093948,5.71330031,76.64276172942674
102.329299,5.77627096,76.70984248216506
102.565193,5.83929773,76.77655940670348
102.80163,5.90238031,76.84291135712641
103.038612,5.96551845,76.90889661456043
103.276141,6.02871186,76.9745157519634
103.514217,6.09196025,77.03976705046186
103.752842,6.15526336,77.10464993709807
103.992017,6.2186209,77.16916326595641
104.231743,6.2820326,77.2333076099947
104.472022,6.34549818,77.29708067738173
104.712855,6.40901735,77.36048189515972
104.954243,6.47258985,77.42351183628648
105.196187,6.53621539,77.4861682089308
105.43869,6.5998937,77.5484515860505
105.681751,6.6636245,77.61036024877218
105.925373,6.72740751,77.67189362413805
106.169556,6.79124246,77.73305171214811
106.414302,6.85512908,77.79383279392897
106.659612,6.91906708,77.85423686948064
106.905488,6.9830562,77.91426336584531
107.151931,7.04709615,77.97391113710742
107.398941,7.11118666,78.03318018326694
107.646521,7.17532746,78.09206878545046
107.894672,7.23951828,78.15057751661584
108.143395,7.30375883,78.20870465788967
108.392691,7.36804885,78.26645020927192
108.642562,7.43238807,78.32381359780483
108.893009,7.4967762,78.3807936775728
109.144034,7.56121298,78.43738987561802
109.395637,7.62569814,78.49360219194052
109.64782,7.6902314,78.54942948062468
109.900584,7.7548125,78.60487174167051
110.153931,7.81944115,78.65992782916243
110.407862,7.8841171,78.71459659718484
110.662378,7.94884007,78.76887919165333
110.917482,8.01360979,78.8227733207367
111.173173,8.07842599,78.8762795573928
111.429453,8.14328841,78.929396755706
111.686325,8.20819677,78.98212434271849
111.943788,8.2731508,79.0344623184303
112.201845,8.33815024,79.08640953692586
112.460497,8.40319483,79.1379659982051
112.719746,8.46828428,79.18913055635248
112.979591,8.53341834,79.23990321136802
113.240036,8.59859675,79.29028339029385
113.501082,8.66381923,79.34027052017227
113.762729,8.72908551,79.3898640280454
114.024979,8.79439535,79.43906391391329
114.287833,8.85974846,79.48786845890253
114.551294,8.92514459,79.53627823597094
114.815362,8.99058347,79.58429267216069
115.080039,9.05606484,79.631911194514
115.345326,9.12158843,79.67913323007309
115.611224,9.18715399,79.72595820588016
115.877736,9.25276126,79.7723861219352
116.144861,9.31840996,79.81841640528042
116.412603,9.38409985,79.86404791000024
116.680962,9.44983065,79.90928120905242
116.949939,9.51560212,79.9541151565214
117.219537,9.58141399,79.99854975240719
117.489755,9.647266,80.04258499670976
117.760597,9.71315789,80.08621917055575
118.032064,9.77908941,80.12945284690294
118.304156,9.84506029,80.17228545279355
118.576875,9.91107029,80.21471641526973
118.850223,9.97711914,80.25674573433157
119.124201,10.0432066,80.2983728370212
119.39881,10.1093324,80.33959715038087
119.674053,10.1754963,80.38041810145276
119.94993,10.241698,80.42083626319467
120.226443,10.3079373,80.46085048969101
120.503594,10.3742139,80.50046020798399
120.781384,10.4405276,80.53966599103141
121.059813,10.5068781,80.57846669291767
121.338885,10.5732652,80.61686231364277
121.6186,10.6396886,80.65485228024892
121.89896,10.706148,80.69243716569392
122.179966,10.7726433,80.72961525110436
122.46162,10.8391741,80.76638710943807
122.743923,10.9057403,80.80275216773722
123.026877,10.9723415,80.83870985304405
123.310483,11.0389775,80.87426016535854
123.594743,11.1056481,80.90940310468068
123.879659,11.1723531,80.94413809805269
124.165231,11.2390921,80.97846457251677
124.451461,11.3058649,81.01238252807292
124.738351,11.3726713,81.04589196472115
125.025903,11.4395111,81.07899173654586
125.314117,11.5063839,81.11168241650483
125.602996,11.5732896,81.1439634316403
125.892541,11.6402279,81.17583420899446
126.182753,11.7071986,81.2072953215251
126.473635,11.7742014,81.23834562331662
126.765187,11.841236,81.26898511436903
127.057411,11.9083023,81.29921379468234
127.350308,11.9754,81.32903109129875
127.643881,12.0425288,81.35843700421825
127.93813,12.1096886,81.38743153344083
128.233058,12.176879,81.41601353305093
128.528666,12.2440998,81.44418357600634
128.824955,12.3113509,81.47194166230705
129.121927,12.3786319,81.49928664603745
129.419584,12.4459426,81.52621910015539
129.717927,12.5132828,81.55273845170301
130.016958,12.5806523,81.57884470068035
130.316678,12.6480508,81.60453784708739
130.617089,12.715478,81.62981674500858
130.918192,12.7829338,81.65468196740166
131.21999,12.8504179,81.67913294130888
131.522483,12.91793,81.70317023968799
131.825674,12.98547,81.72679271662345
132.129563,13.0530376,81.75000094507301
132.434154,13.1206326,81.7727937791211
132.739446,13.1882547,81.79517236468332
133.045442,13.2559038,81.81713555584408
133.352143,13.3235795,81.83868335260335
133.659552,13.3912816,81.85981575496116
133.967669,13.45901,81.88053218995972
134.276496,13.5267644,81.90083323055678
134.586035,13.5945445,81.92071830379459
134.896288,13.6623502,81.94018740967314
135.207256,13.7301812,81.95924054819243
135.518941,13.7980372,81.97787657343684
135.831345,13.8659181,81.99609663132202
136.144468,13.9338237,82.0139001488901
136.458314,14.0017536,82.03128655318335
136.772883,14.0697077,82.04825584420173
137.088177,14.1376858,82.06480859490307
137.404198,14.2056876,82.08094365937175
137.720947,14.2737129,82.09666218352336
138.038426,14.3417615,82.11196244848453
138.356638,14.4098331,82.12684560017087
138.675583,14.4779276,82.14131106562454
138.995263,14.5460447,82.15535884484554
139.31568,14.6141842,82.16898836487613
139.636836,14.6823459,82.18220019867404
139.958732,14.7505295,82.1949943462393
140.28137,14.8187349,82.20736966165634
140.604752,14.8869618,82.21932729084072
140.92888,14.95521,82.23086608787685
141.253754,15.0234793,82.24198662572256
141.579378,15.0917694,82.2526889043778
141.905752,15.1600802,82.26297235088481
142.232879,15.2284114,82.27283696524357
142.560759,15.2967628,82.2822827474541
142.889396,15.3651342,82.2913096975164
143.21879,15.4335255,82.29991781543043
143.548943,15.5019362,82.30810710119624
143.879858,15.5703664,82.31587698185601
144.211535,15.6388157,82.32322803036755
144.543977,15.7072839,82.33015967377303
144.877185,15.7757709,82.33667191207249
145.211162,15.8442763,82.3427653182237
145.545908,15.9128,82.34843874631107
145.881426,15.9813419,82.35369334225024
146.217717,16.0499016,82.35852796012556
146.554784,16.118479,82.36294317289482
146.892628,16.1870738,82.36693898055806
147.23125,16.2556859,82.37051538311528
147.570653,16.324315,82.37367123465087
147.910839,16.3929609,82.3764082540382
148.251809,16.4616235,82.37872529536169
148.593564,16.5303025,82.38062235862138
148.936108,16.5989977,82.38209944381722
149.279441,16.6677089,82.38315712390704
149.623566,16.7364359,82.38379482593302
149.968484,16.8051785,82.38401254989517
150.314197,16.8739365,82.38381029579351
150.660707,16.9427096,82.38318863658579
151.008015,17.0114978,82.38214642635644
151.356125,17.0803007,82.38068423806325
151.705037,17.1491182,82.37880264466403
152.054753,17.2179501,82.37650050024321
152.405275,17.2867961,82.37377837775854
152.756606,17.3556561,82.37063627721004
153.108746,17.4245299,82.36707419859772
153.461698,17.4934173,82.36309214192156
153.815464,17.562318,82.35869010718157
154.170045,17.6312319,82.35386809437775
154.525444,17.7001587,82.3486261035101
154.881662,17.7690984,82.34296356162082
155.238701,17.8380506,82.33688161462551
155.596563,17.9070152,82.33037911660855
155.95525,17.9759919,82.3234572134856
156.314764,18.0449807,82.31611475934099
156.675107,18.1139812,82.30835290009036
157.03628,18.1829933,82.30017048981809
157.398286,18.2520168,82.29156867443979
157.761127,18.3210515,82.28254630803987
158.124804,18.3900972,82.2731045365339
158.489319,18.4591537,82.26324278696413
158.854675,18.5282209,82.25296105933049
159.220873,18.5972984,82.24225992659083
159.587915,18.6663862,82.23113824282954
159.955803,18.7354841,82.21959715396224
160.324539,18.8045917,82.20763665998888
160.694125,18.8737091,82.19525618795168
161.064564,18.9428359,82.18245573785066
161.435856,19.0119719,82.16923645560142
161.808004,19.0811171,82.15559662233053
162.18101,19.1502711,82.14153795691139
162.554876,19.2194338,82.12705931342845
162.929603,19.2886051,82.11216183779726
163.305195,19.3577847,82.09684438410223
163.681652,19.4269724,82.08110752530115
164.058977,19.4961681,82.06495183435185
164.437172,19.5653715,82.04837616533871
164.816239,19.6345825,82.03138166417736
165.19618,19.7038009,82.01396833086773
165.576996,19.7730265,81.99613559245208
165.958691,19.8422591,81.97788344893037
166.341265,19.9114986,81.95921247326046
166.724721,19.9807446,81.9401226654423
167.109061,20.0499972,81.92061402547589
167.494288,20.119256,81.90068712631901
167.880402,20.188521,81.88034082205614
168.267406,20.2577918,81.85957568564501
168.655303,20.3270684,81.83839229004343
169.044093,20.3963505,81.8167900622936
169.43378,20.465638,81.79477014831114
169.824365,20.5349306,81.77233082922264
170.215851,20.6042283,81.74947382390148
170.608239,20.6735307,81.72619855938989
171.001532,20.7428379,81.70250503568784
171.395731,20.8121494,81.67839325279535
171.790839,20.8814653,81.65386321071242
172.186857,20.9507853,81.62891548239682
172.583789,21.0201091,81.60355006784859
172.981636,21.0894368,81.57776696706769
173.3804,21.158768,81.55156618005417
173.780083,21.2281025,81.52494770680796
174.180687,21.2974403,81.49791154732915
174.582215,21.3667811,81.47045827457545
174.984669,21.4361248,81.44258731558911
175.38805,21.5054712,81.4142992433279
175.792361,21.57482,81.38559405779185
176.197605,21.6441712,81.35647175898094
176.603782,21.7135245,81.32693291985298
177.010896,21.7828799,81.29697696745015
177.418948,21.852237,81.26660447473026
177.827941,21.9215957,81.23581486873552
178.237877,21.9909559,81.20460929538152
178.648757,22.0603174,81.17298660875267
179.060585,22.12968,81.14094795476454
179.473363,22.1990436,81.10849333341714
179.887092,22.2684079,81.07562217175268
180.301774,22.3377728,81.04233504272898
180.717413,22.4071381,81.008631946346
181.134009,22.4765037,80.97451345556155
181.551566,22.5458693,80.93997899741782
181.970086,22.6152349,80.90502914487264
182.38957,22.6846002,80.86966389792599
182.810022,22.7539651,80.83388268362008
183.231442,22.8233293,80.79768722082827
183.653834,22.8926928,80.76107579067721
184.0772,22.9620554,80.72404953908247
184.501542,23.0314169,80.68660903900185
184.926862,23.1007771,80.64875314451976
185.353162,23.1701358,80.61048300155178
185.780446,23.239493,80.57179803714016
186.208714,23.3088484,80.53269882424263
186.637969,23.3782018,80.49318536285922
187.068214,23.4475531,80.45325822594775
187.499451,23.5169022,80.41291684055037
187.931682,23.5862488,80.37216120666712
188.364909,23.6555928,80.33099247021359
188.799135,23.7249341,80.28940948527418
189.234362,23.7942724,80.24741339776448
189.670592,23.8636076,80.20500420768447
190.107828,23.9329396,80.1621819150342
190.546072,24.0022681,80.11894594685583
190.985326,24.0715931,80.07529744906498
191.425593,24.1409143,80.03123642166162
191.866874,24.2102316,79.98676229168797
192.309173,24.2795449,79.94187620505963
192.752491,24.3488539,79.89657758881879
193.196832,24.4181585,79.85086644296545
193.642196,24.4874585,79.80474334045742
194.088588,24.5567538,79.75820885425249
194.536008,24.6260443,79.71126183843505
194.98446,24.6953297,79.66390401187851
195.433946,24.7646099,79.61613422866728
195.884467,24.8338848,79.56795306175914
196.336028,24.9031542,79.51936108411189
196.788629,24.9724178,79.47035772276773
197.242274,25.0416757,79.42094412364227
197.696964,25.1109276,79.3711191408199
198.152703,25.1801733,79.32088392021622
198.609492,25.2494127,79.27023846183121
199.067334,25.3186456,79.2191827656649
199.526231,25.387872,79.16771683171729
199.986187,25.4570915,79.11584123294614
200.447203,25.5263042,79.06355596935147
200.909281,25.5955097,79.01086104093328
201.372425,25.664708,78.95775644769158
201.836636,25.7338989,78.90424276258416
202.301918,25.8030823,78.85031998561101
202.768272,25.8722579,78.79598811677214
203.235701,25.9414257,78.74124772902533
203.704208,26.0105855,78.68609882237061
204.173794,26.0797372,78.63054139680796
204.644464,26.1488805,78.57457545233738
205.116218,26.2180153,78.51820213487446
205.58906,26.2871415,78.4614202985036
206.062991,26.3562589,78.40423108914042
206.538016,26.4253675,78.3466345067849
207.014135,26.4944669,78.28862997847922
207.491352,26.5635571,78.23021865013902
207.969669,26.6326379,78.17140052176428
208.449088,26.7017092,78.1121750203972
208.929613,26.7707708,78.05254329195338
209.411246,26.8398226,77.992504763475
209.893988,26.9088644,77.93206000791987
210.377844,26.9778961,77.8712095982458
210.862815,27.0469175,77.80995296149499
211.348904,27.1159285,77.74829009766741
211.836114,27.1849289,77.68622215267868
212.324446,27.2539186,77.6237491265288
212.813905,27.3228974,77.56087044625997
213.304491,27.3918652,77.49758725778776
213.796209,27.4608218,77.43389841519662
214.28906,27.5297671,77.36980563735989
214.783047,27.598701,77.3053083513198
215.278173,27.6676233,77.24040713003417
215.774441,27.7365338,77.17510140054515
216.271852,27.8054324,77.10939173581058
216.77041,27.874319,77.04327870878822
217.270118,27.9431934,76.9767623194781
217.770977,28.0120555,76.9098425678802
218.272991,28.0809051,76.84251945399454
218.776162,28.1497421,76.77479412373668
219.280494,28.2185664,76.70666543119108
219.785987,28.2873777,76.63813452227326
220.292646,28.356176,76.56920196994109
220.800473,28.4249611,76.49986662827891
221.309471,28.4937329,76.43012964320235
221.819642,28.5624912,76.35999101471141
222.330989,28.631236,76.2894507428061
222.843515,28.6999669,76.21850940044418
223.357222,28.768684,76.14716756058345
223.872114,28.837387,76.07542407730836
224.388192,28.9060759,76.00328009653447
224.905461,28.9747505,75.93073619121957
225.423921,29.0434106,75.85779178840586
225.943577,29.1120561,75.78444746105116
226.464431,29.1806869,75.71070320915547
226.986485,29.2493028,75.63655960567657
227.509743,29.3179037,75.56201665061445
228.034207,29.3864894,75.48707434396913
228.55988,29.4550599,75.41173325869842
229.086765,29.523615,75.33599339480227
229.614865,29.5921545,75.25985475228072
230.144182,29.6606783,75.18331790409155
230.674719,29.7291863,75.10638342319257
231.206479,29.7976783,75.02905073662596
231.739465,29.8661543,74.95132099030734
232.27368,29.934614,74.8731930383211
232.809126,30.0030573,74.79466859954063
233.345806,30.0714841,74.71574652805033
233.883724,30.1398943,74.63642854272359
234.422882,30.2082877,74.55671349764484
234.963282,30.2766642,74.47660196577185
235.504928,30.3450236,74.39609452006243
236.047823,30.4133659,74.31519173347438
236.59197,30.4816909,74.23389303304987
237.137371,30.5499985,74.15219841878894
237.684029,30.6182884,74.07010903660716
238.231947,30.6865607,73.98762488650455
238.781128,30.7548151,73.90474596848107
239.331576,30.8230516,73.82147228253676
239.883292,30.89127,73.73780440162939
240.43628,30.9594701,73.65374289871676
240.990543,31.0276519,73.5692872008411
241.546083,31.0958153,73.48443788096017
242.102905,31.16396,73.3991955120318
242.66101,31.2320859,73.31356009405596
243.220401,31.300193,73.22753162703265
243.781082,31.3682811,73.14111068391968
244.343055,31.43635,73.05429726471705
244.906324,31.5043997,72.96709136942475
245.470892,31.57243,72.87949414395838
246.03676,31.6404408,72.79150501536014
246.603934,31.708432,72.70312398363004
247.172415,31.7764034,72.61435219468365
247.742206,31.8443549,72.52518964852098
248.313311,31.9122864,72.43563577218423
248.885732,31.9801978,72.345691711589
249.459473,32.0480888,72.25535746673529
250.034536,32.1159595,72.1646330376231
250.610925,32.1838097,72.07351899721021
251.188643,32.2516393,71.98201534549663
251.767693,32.319448,71.89012265544018
252.348077,32.3872359,71.79784035408302
252.9298,32.4550028,71.70516958734076
253.512863,32.5227485,71.61211035521342
254.097271,32.590473,71.51866265770096
254.683025,32.6581761,71.4248264948034
255.27013,32.7258577,71.33060301243634
255.858589,32.7935177,71.23599163764199
256.448404,32.861156,71.14099351633591
257.039578,32.9287724,71.04560750260254
257.632116,32.9963668,70.94983531531523
258.226019,33.0639391,70.85367638151622
258.821292,33.1314892,70.7571307012055
259.417936,33.1990169,70.66019884734087
260.015956,33.2665222,70.5628813928801
260.615355,33.3340049,70.4651783378232
261.216135,33.4014649,70.36709025512799
261.818301,33.468902,70.26861657183666
262.421854,33.5363163,70.16975843386477
263.026799,33.6037075,70.07051526825458
263.633139,33.6710755,69.97088764796385
264.240876,33.7384203,69.87087614595036
264.850014,33.8057416,69.77048076221416
265.460556,33.8730394,69.66970206971301
266.072506,33.9403136,69.56853949548912
266.685866,34.0075641,69.46699418545809
267.300641,34.0747907,69.36506556666211
267.916832,34.1419933,69.26275478501678
268.534445,34.2091718,69.1600612675643
269.15348,34.2763261,69.05698616022026
269.773943,34.3434561,68.95352889002687
270.395836,34.4105616,68.84969002994193
271.019163,34.4776427,68.74546957996543
271.643927,34.544699,68.64086811305516
272.270131,34.6117306,68.53588620216894
272.897778,34.6787373,68.43052327434896
273.526873,34.745719,68.32477990255299
274.157417,34.8126757,68.21865665973885
274.789415,34.8796071,68.11215354590655
275.42287,34.9465131,68.00527113401388
276.057786,35.0133938,67.89800885110303
276.694165,35.0802489,67.79036784308958
277.33201,35.1470783,67.68234753701577
277.971327,35.213882,67.57394907879718
278.612117,35.2806598,67.4651724684338
279.254384,35.3474117,67.35601770592564
279.898132,35.4141374,67.24648479127266
280.543364,35.480837,67.13657429743273
281.190083,35.5475102,67.0262867973636
281.838293,35.614157,66.91562229106526
282.487997,35.6807774,66.80458077853773
283.1392,35.7473711,66.69316283273879
283.791903,35.8139381,66.58136845366845
284.446111,35.8804782,66.4691982142845
285.101827,35.9469914,66.35665211458696
285.759054,36.0134776,66.2437301545758
286.417797,36.0799366,66.13043348016664
287.078058,36.1463684,66.01676151840165
287.739841,36.2127728,65.90271426928086
288.40315,36.2791498,65.78829287871984
289.067988,36.3454992,65.67349734671862
289.734359,36.411821,65.55832767327718
290.402265,36.478115,65.44278443135329
291.071712,36.5443811,65.3268670479892
291.742701,36.6106192,65.21057724205826
292.415238,36.6768293,65.09391386764491
293.089325,36.7430112,64.97687749770692
293.764965,36.8091649,64.85946870520209
294.442163,36.8752902,64.74168806308823
295.120923,36.941387,64.62353499840754
295.801247,37.0074552,64.50501008411779
296.483139,37.0734948,64.38611389317681
297.166603,37.1395056,64.26684585262679
297.851643,37.2054875,64.14720710838331
298.538262,37.2714405,64.0271976604464
299.226464,37.3373645,63.90681750881603
299.916252,37.4032592,63.78606722645001
300.60763,37.4691248,63.66494681334832
301.300602,37.5349609,63.54345626951098
301.995172,37.6007677,63.42159674085359
302.691343,37.6665448,63.29936708146053
303.389118,37.7322924,63.17676901020521
304.088503,37.7980102,63.05380138117203
304.789499,37.8636982,62.930465913234364
305.492111,37.9293563,62.80676146047665
306.196343,37.9949844,62.68268916881446
306.902199,38.0605823,62.55824846528999
307.609681,38.1261501,62.43344049581886
308.318795,38.1916875,62.30826526040103
309.029543,38.2571946,62.18272275903654
309.74193,38.3226712,62.05681299172535
310.455959,38.3881173,61.93053653142529
311.171634,38.4535327,61.80389395109414
311.888958,38.5189173,61.676884677774105
312.607937,38.5842711,61.549509284422975
313.328572,38.6495939,61.42176834399857
314.050869,38.7148858,61.29366185650085
314.774831,38.7801465,61.16518982192985
315.500462,38.845376,61.03635281324335
316.227766,38.9105743,60.907150830441346
316.956746,38.9757411,60.77758444648165
317.687407,39.0408765,60.64765308840644
318.419752,39.1059804,60.51735790213133
319.153786,39.1710526,60.38669888765631
319.889511,39.2360931,60.25567547202359
320.626932,39.3011017,60.124288801148765
321.366054,39.3660785,59.992538875031805
322.106879,39.4310233,59.86042626663054
322.849412,39.495936,59.727949830029374
323.593657,39.5608165,59.59511128410167
324.339617,39.6256648,59.46191005588966
325.087297,39.6904808,59.32834671835112
325.836701,39.7552644,59.19442127148606
326.587832,39.8200155,59.06013371529448
327.340695,39.884734,58.92548519569197
328.095293,39.9494198,58.79047456676294
328.851631,40.0140729,58.65510297442296
329.609712,40.0786932,58.51937041867206
330.369541,40.1432805,58.38327689951022
331.131121,40.2078349,58.24682298989525
331.894458,40.2723562,58.11000811686935
332.659553,40.3368444,57.9728334263481
333.426413,40.4012993,57.83529891833152
334.19504,40.4657209,57.69740401986179
334.965439,40.5301091,57.55914987685451
335.737614,40.5944638,57.420536489309704
336.511569,40.658785,57.28156357074843
337.287309,40.7230726,57.14223163683275
338.064836,40.7873264,57.00254080215418
338.844156,40.8515464,56.862491295895865
339.625273,40.9157326,56.72208328994514
340.40819,40.9798849,56.58131695618933
341.192912,41.0440031,56.44019246651579
341.979443,41.1080872,56.29870999281186
342.767787,41.1721371,56.15686970696486
343.557948,41.2361528,56.01467183815792
344.349931,41.3001342,55.8721165009826
345.143739,41.3640812,55.72920392462202
345.939378,41.4279936,55.58593422366773
346.73685,41.4918715,55.442307570007074
347.536161,41.5557148,55.29832413552739
348.337315,41.6195234,55.15398403482024
349.140315,41.6832972,55.00928755436451
349.945167,41.7470362,54.864234751456
350.751874,41.8107402,54.718825797982035
351.560441,41.8744092,54.57306080853417
352.370871,41.9380432,54.426940012295525
353.18317,42.001642,54.28046352385768
353.997341,42.0652056,54.13363151510794
354.813389,42.1287339,53.986444100637875
355.631319,42.1922268,53.838901395039066
356.451133,42.2556844,53.69100357019883
357.272838,42.3191064,53.54275079800451
358.096437,42.3824928,53.39414313575188
358.921935,42.4458436,53.24518081262406
359.749335,42.5091586,53.09586382862108
360.578643,42.5724379,52.94619241292601
361.409863,42.6356813,52.79616668013044
362.242998,42.6988888,52.64578674482591
363.078055,42.7620603,52.495052664308226
363.915036,42.8251957,52.34396466776047
364.753947,42.888295,52.19252275518267
365.594792,42.9513581,52.04072715575794
366.437575,43.014385,51.88857786948628
367.2823,43.0773755,51.73607501095923
368.128974,43.1403295,51.583218752064155
368.977599,43.2032472,51.430009207392594
369.82818,43.2661282,51.27644637694456
370.680722,43.3289727,51.12253043260739
371.535229,43.3917805,50.96826137438107
372.391706,43.4545515,50.81363943144874
373.250158,43.5172858,50.658664603810394
374.110588,43.5799831,50.503336948761785
374.973002,43.6426436,50.347656580894515
375.837404,43.705267,50.19162361480011
376.703799,43.7678533,50.03523805047858
377.572191,43.8304025,49.87850000252149
378.442585,43.8929146,49.72140952822461
379.314985,43.9553893,49.56396674217952
380.189396,44.0178267,49.406171587090405
381.065823,44.0802268,49.248024234844635
381.944271,44.1425894,49.08952468544219
382.824743,44.2049144,48.93067299617887
383.707245,44.2672019,48.771469224350426
384.591782,44.3294517,48.611913369956895
385.478358,44.3916638,48.45200554758979
386.366977,44.4538381,48.29174575724915
387.257645,44.5159746,48.131133998934956
388.150366,44.5780732,47.97017038723879
389.045145,44.6401339,47.808854864864834
389.941987,44.7021565,47.64718754640467
390.840896,44.764141,47.48516831726674
391.741877,44.8260873,47.32279734933839
392.644935,44.8879955,47.160074528028034
393.550075,44.9498654,46.99699991063147
394.457302,45.0116969,46.833573497148706
395.36662,45.0734901,46.6697953448755
396.278034,45.1352447,46.505665339220315
397.191549,45.1969609,46.341183594774684
398.107171,45.2586385,46.176349996947074
399.024902,45.3202774,46.01116460303325
399.94475,45.3818777,45.84562735573744
400.866718,45.4434391,45.67973819776386
401.790811,45.5049618,45.513497243704066
402.717034,45.5664455,45.34690432167073
403.645393,45.6278903,45.17995943166384
404.575892,45.6892961,45.0126625736834
405.508535,45.7506629,44.84501363313785
406.443329,45.8119905,44.67701266732298
407.380278,45.8732789,44.50865956164722
408.319386,45.9345281,44.33995420151901
409.26066,45.9957379,44.17089670152991
410.204103,46.0569084,44.00148683249681
411.149721,46.1180395,43.831724594419704
412.097519,46.179131,43.66160987270703
413.047502,46.2401831,43.4911426673588
413.999675,46.3011955,43.32032280648766
414.954043,46.3621682,43.14915029009362
415.91061,46.4231012,42.97762500358511
416.869383,46.4839944,42.80574683237059
417.830367,46.5448478,42.63351566185848
418.793565,46.6056613,42.46093143475302
419.758984,46.6664348,42.287993979166856
420.726628,46.7271682,42.11470323780422
421.696503,46.7878616,41.941059096073545
422.668614,46.8485148,41.76706143938326
423.642966,46.9091278,41.59271003855028
424.619564,46.9697006,41.41800489357458
425.598413,47.030233,41.24294583256882
426.579519,47.090725,41.06753262634991
427.562886,47.1511765,40.89176527491781
428.54852,47.2115876,40.71564349179364
429.536427,47.271958,40.539167219681644
430.52661,47.3322879,40.362336229398664
431.519077,47.392577,40.18515040635316
432.513831,47.4528254,40.00760952136202
433.510878,47.513033,39.829713459833684
434.510224,47.5731997,39.6514620498808
435.511874,47.6333254,39.47285500502448
436.515832,47.6934102,39.29389226796894
437.522105,47.7534539,39.11457349493951
438.530698,47.8134564,38.934898628640404
439.541615,47.8734178,38.75486738259272
440.554864,47.9333379,38.57447958490914
441.570447,47.9932167,38.39373500640652
442.588372,48.0530541,38.212633360605984
443.608644,48.1128501,38.031174532915955
444.631267,48.1726046,37.84935817956177
445.656248,48.2323176,37.66718418595186
446.683592,48.2919889,37.48465215101578
447.713304,48.3516185,37.30176201745773
448.74539,48.4112064,37.1185133269115
449.779855,48.4707524,36.93490602208129
450.816705,48.5302565,36.75093964460088
451.855944,48.5897187,36.56661407987869
452.89758,48.6491389,36.38192898414006
453.941617,48.708517,36.196884070906094
454.98806,48.767853,36.01147905369788
456.036916,48.8271468,35.82571364603654
457.08819,48.8863982,35.63958756144316
458.141887,48.9456074,35.45310045614307
459.198013,49.0047741,35.266252100953146
460.256574,49.0638983,35.07904209480293
461.317575,49.12298,34.89147020850932
462.381021,49.1820191,34.70353604100185
463.44692,49.2410154,34.51523924850583
464.515275,49.2999691,34.326579544542376
465.586094,49.3588799,34.13755658533682
466.65938,49.4177478,33.94816996981868
467.735141,49.4765727,33.758419354213295
468.813382,49.5353546,33.56830445204178
469.894109,49.5940934,33.37782480493787
470.977326,49.6527891,33.18698006912692
472.063041,49.7114414,32.99576990083422
473.151259,49.7700505,32.80419389898933
474.241985,49.8286161,32.6122516625218
475.335226,49.8871383,32.41994279036116
476.430987,49.9456169,32.22726682414118
477.529274,50.0040519,32.034223477382966
478.630092,50.0624432,31.840812291720272
479.733449,50.1207908,31.647032751491096
480.839348,50.1790945,31.45288457021653
481.947798,50.2373542,31.258367232234555
483.058802,50.2955699,31.063480336474733
484.172368,50.3537416,30.868223424570804
485.2885,50.4118691,30.672596038156545
486.407206,50.4699523,30.476597718865726
487.52849,50.5279913,30.2802280083321
488.652359,50.5859858,30.083486505485205
489.778819,50.6439358,29.88637258007148
490.907876,50.7018412,29.688885888316246
492.039536,50.759702,29.491025914557486
493.173804,50.8175181,29.29279214313318
494.310687,50.8752893,29.09418411567709
495.450191,50.9330156,28.895201259231428
496.592321,50.9906969,28.695843115429962
497.737085,51.0483332,28.496109111314883
498.884487,51.1059242,28.295998845815742
500.034535,51.16347,28.095511631383182
501.187234,51.2209704,27.894647066946757
502.34259,51.2784254,27.69340452225288
503.500609,51.3358348,27.491783481639537
504.661298,51.3931986,27.289783429444718
505.824662,51.4505167,27.08740373541485
506.990708,51.507789,26.884643883887904
508.159443,51.5650153,26.681503301906098
509.330871,51.6221957,26.477981416511632
510.505,51.6793299,26.274077597450926
511.681836,51.7364179,26.0697912717662
512.861384,51.7934596,25.865121923795424
514.043652,51.8504549,25.66006880869347
515.228645,51.9074037,25.4546314680941
516.416369,51.9643059,25.248809157152184
517.606832,52.0211614,25.042601360205705
518.800039,52.07797,24.836007389705305
519.995997,52.1347317,24.62902661539741
521.194711,52.1914464,24.421658464324235
522.396189,52.2481139,24.213902248936414
523.600437,52.3047342,24.00575728168459
524.80746,52.3613071,23.797222989610983
526.017266,52.4178325,23.58829862787045
527.229861,52.4743104,23.378983623505196
528.445252,52.5307405,23.169277231670087
529.663444,52.5871229,22.95917876481577
530.884444,52.6434572,22.748687592688672
532.108259,52.6997436,22.537803027739432
533.334895,52.7559817,22.32652432512293
534.564359,52.8121716,22.114850854585576
535.796658,52.868313,21.902781871282244
537.031796,52.9244059,21.690316630367803
538.269783,52.9804501,21.477454444292892
539.510623,53.0364456,21.26419462550816
540.754323,53.0923921,21.050536429168474
542.00089,53.1482896,20.836479053132923
543.250331,53.2041378,20.62202186714793
544.502653,53.2599368,20.40716406907258
545.757861,53.3156863,20.19190485676596
547.015963,53.3713863,19.976243599974495
548.276965,53.4270365,19.760179496557278
549.540874,53.4826368,19.54371174437339
550.807696,53.5381872,19.326839541281917
552.077439,53.5936874,19.10956219973351
553.350109,53.6491373,18.89187891758725
554.625713,53.7045368,18.673788949998006
555.904257,53.7598857,18.455291380233312
557.185749,53.8151839,18.236385520743806
558.470195,53.8704312,18.017070569388572
559.757601,53.9256275,17.79734566673092
561.047976,53.9807727,17.577210067925723
562.341325,54.0358664,17.356662913536283
563.637656,54.0909087,17.13570345871747
564.936975,54.1458993,16.9143307867368
566.239289,54.2008382,16.692544152749154
567.544605,54.255725,16.47034264002205
568.852931,54.3105597,16.247725503710363
570.164272,54.3653421,16.024691884377393
571.478637,54.420072,15.80124092258645
572.796031,54.4747493,15.577371816196619
574.116462,54.5293737,15.353083648475435
575.439937,54.5839452,15.128375617281973
576.766463,54.6384635,14.903246863179548
578.096047,54.6929284,14.677696469435688
579.428696,54.7473398,14.451723691205256
580.764418,54.8016975,14.225327554460002
582.103218,54.8560014,13.99850725705901
583.445104,54.9102511,13.771261882269815
584.790084,54.9644465,13.543590570655718
586.138165,55.0185875,13.315492462780028
587.489353,55.0726739,13.086966641910273
588.843655,55.1267054,12.85801224860976
590.20108,55.1806818,12.628628423441796
591.561634,55.234603,12.39881424967391
592.925325,55.2884687,12.168568810573628
594.292159,55.3422788,11.93789130400004
595.662144,55.3960331,11.706780698629109
597.035287,55.4497312,11.47523624961571
598.411595,55.5033731,11.243256925635803
599.791076,55.5569585,11.01084192454848
601.173737,55.6104871,10.777990272325486
602.559586,55.6639589,10.54470116682591
603.948629,55.7173734,10.310973576725722
605.340875,55.7707306,10.076806699884006
606.73633,55.8240302,9.84219961956829
608.135001,55.877272,9.607151361750326
609.536897,55.9304557,9.371661066993417
610.942025,55.9835811,9.135727818565092
612.350392,56.036648,8.89935069973288
613.762005,56.0896561,8.662528851060086
615.176873,56.1426052,8.425261298518462
616.595002,56.195495,8.187547182671311
618.0164,56.2483253,7.949385586786165
619.441075,56.3010959,7.710775594130547
620.869034,56.3538065,7.471716287971988
622.300285,56.4064568,7.232206808873795
623.734835,56.4590465,6.992246240103498
625.172693,56.5115755,6.75183366492862
626.613865,56.5640435,6.510968109320911
628.058359,56.6164501,6.269648828435239
629.506183,56.6687952,6.027874790947571
630.957344,56.7210784,5.785645194716994
632.411851,56.7732995,5.542959094363149
633.869711,56.8254582,5.299815613260605
635.330932,56.8775542,5.056213863324781
636.795521,56.9295872,4.812152962200674
638.263486,56.981557,4.567632021803701
639.734835,57.0334632,4.322650176967589
641.209577,57.0853056,4.07720653960776
642.687717,57.1370839,3.8313002502875175
644.169266,57.1887977,3.584930432381436
645.654229,57.2404468,3.3380962321824015
647.142616,57.2920309,3.0907967845241417
648.634434,57.3435496,2.8430312471587005
650.12969,57.3950026,2.594798760649383
651.628394,57.4463897,2.346098488477808
653.130553,57.4977105,2.0969295883960184
654.636174,57.5489647,1.847291235344788
656.145266,57.600152,1.5971825985353145
657.657837,57.651272,1.3466028586379506
659.173895,57.7023244,1.0955512135117829
660.693448,57.7533089,0.8440268380975866
662.216504,57.8042252,0.5920289531727605
663.74307,57.8550728,0.3395567548775178
665.273156,57.9058515,0.08660946341629935
666.806769,57.956561,-0.1668136964227916
668.343918,58.0072008,-0.4207134935491161
669.884609,58.0577706,-0.6750906848399216
671.428853,58.10827,-0.9299460248806243
672.976656,58.1586988,-1.1852802487760752
674.528028,58.2090565,-1.44109409564183
676.082975,58.2593428,-1.6973882816751331
677.641508,58.3095572,-1.9541635230732275
679.203633,58.3596995,-2.2114205131150464
680.769359,58.4097692,-2.469159956538677
682.338694,58.4597661,-2.727382517975162
683.911647,58.5096896,-2.9860888792442775
685.488226,58.5595394,-3.2452796877883316
687.06844,58.6093151,-3.504955596779211
688.652296,58.6590163,-3.7651172307409135
690.239804,58.7086427,-4.025765214197435
691.830971,58.7581937,-4.286900154484037
693.425806,58.8076691,-4.548522647476829
695.024318,58.8570684,-4.810633271863181
696.626514,58.9063912,-5.0732325891417345
698.232404,58.9556371,-5.336321155081551
699.841996,59.0048057,-5.599899508262958
701.455298,59.0538965,-5.863968181536702
703.07232,59.1029092,-6.128527661916911
704.693069,59.1518432,-6.393578396310667
706.317554,59.2006982,-6.659120957675762
707.945784,59.2494737,-6.925155747082654
709.577768,59.2981694,-7.191683222897579
711.213514,59.3467846,-7.458703786190993
712.85303,59.3953191,-7.7262178953291345
714.496326,59.4437724,-7.994225836790897
716.14341,59.4921439,-8.26272806894252
717.794291,59.5404333,-8.531724878262901
719.448978,59.5886401,-8.801216665822494
721.107479,59.6367638,-9.071203718100197
722.769804,59.684804,-9.341686321574912
724.43596,59.7327602,-9.61266470542975
726.105957,59.7806319,-9.884139156143616
727.779805,59.8284186,-10.156109902899622
729.45751,59.8761199,-10.428577174880889
731.139083,59.9237353,-10.701541086678974
732.824533,59.9712643,-10.975001867477
734.513868,60.0187064,-11.248959631866517
736.207097,60.0660611,-11.523414494439095
737.90423,60.113328,-11.798366569786285
739.605275,60.1605064,-12.07381585790809
741.310241,60.207596,-12.34976247339607
743.019138,60.2545962,-12.626206358954441
744.731974,60.3015065,-12.903147571878986
746.448758,60.3483264,-13.180586112169705
748.169501,60.3950554,-13.45852180793926
749.894209,60.4416929,-13.736954601891869
751.622894,60.4882384,-14.015884436731755
753.355564,60.5346915,-14.29531114057158
755.092228,60.5810515,-14.575234541524
756.832895,60.627318,-14.855654410405908
758.577575,60.6734904,-15.13657051803417
760.326277,60.7195682,-15.41798269252146
762.07901,60.7655509,-15.69989053279732
763.835784,60.8114378,-15.982293809678628
765.596607,60.8572285,-16.265192122094927
767.361489,60.9029224,-16.548585068975765
769.13044,60.9485189,-16.83247230654646
770.903469,60.9940175,-17.116853319145
772.680585,61.0394177,-17.40172764840515
774.461798,61.0847188,-17.687094835960668
776.247117,61.1299204,-17.972954251557983
778.036551,61.1750218,-18.259305379535082
779.830111,61.2200225,-18.546147589638387
781.627805,61.2649219,-18.833480251614322
783.429643,61.3097195,-19.121302620617758
785.235635,61.3544146,-19.409614066395115
787.04579,61.3990068,-19.698413729509703
788.860118,61.4434953,-19.98770092241217
790.678628,61.4878796,-20.277474728370038
792.50133,61.5321592,-20.5677343452424
794.328235,61.5763335,-20.85847885629678
796.15935,61.6204018,-21.14970728750493
797.994687,61.6643636,-21.441418664838594
799.834255,61.7082183,-21.73361201426952
801.678063,61.7519653,-22.02628618988213
803.526122,61.7956039,-22.319440160352368
805.378441,61.8391337,-22.61307272246889
807.23503,61.882554,-22.90718278761187
809.095899,61.9258641,-23.20176903797838
810.961058,61.9690636,-23.49683027035706
812.830516,62.0121517,-23.792365166944965
814.704284,62.055128,-24.088372352643404
816.582371,62.0979917,-24.384850452353657
818.464788,62.1407422,-24.681798033681247
820.351544,62.183379,-24.979213606935893
822.24265,62.2259015,-25.277095625131558
824.138115,62.268309,-25.575442598577972
826.03795,62.3106009,-25.874252808401746
827.942164,62.3527766,-26.173524707616835
829.850768,62.3948355,-26.473256520054083
831.763771,62.436777,-26.773446469544314
833.681185,62.4786005,-27.074092837214142
835.603018,62.5203053,-27.375193789598633
837.529282,62.5618908,-27.67674737864128
839.459987,62.6033564,-27.97875165628557
841.395142,62.6447015,-28.28120467447501
843.334758,62.6859255,-28.58410442785731
845.278845,62.7270277,-28.887448796488634
847.227414,62.7680076,-29.191235660425136
849.180475,62.8088645,-29.495462899722977
851.138038,62.8495977,-29.8001281652552
853.100114,62.8902068,-30.105229337077947
855.066713,62.930691,-30.410763951472713
857.037845,62.9710498,-30.716729773904106
859.013522,63.0112825,-31.023124226062027
860.993752,63.0513885,-31.329945016115307
862.978548,63.0913673,-31.637189451162307
864.967919,63.1312181,-31.944855067484504
866.961876,63.1709404,-32.25293917218028
868.960429,63.2105335,-32.56143918693952
870.96359,63.249997,-32.87035230426906
872.971368,63.28933,-33.179675773971475
874.983775,63.3285321,-33.48940678855356
877.000821,63.3676026,-33.79954242593056
879.022517,63.406541,-34.11007976401774
881.048873,63.4453466,-34.421015823434544
883.0799,63.4840188,-34.732347624800454
885.11561,63.522557,-35.04407207414336
887.156012,63.5609607,-35.356185962899616
889.201118,63.5992292,-35.66868613980136
891.250938,63.637362,-35.981569396284904
893.305484,63.6753584,-36.29483240919508
895.364766,63.7132179,-36.60847179808087
897.428795,63.7509399,-36.922484239787075
899.497582,63.7885238,-37.23686629656692
901.571138,63.825969,-37.55161435878629
903.649474,63.863275,-37.866724988698415
905.732601,63.9004411,-38.18219451937342
907.82053,63.9374669,-38.49801934117718
909.913273,63.9743518,-38.814195672588255
912.010839,64.0110951,-39.13071984667675
914.113241,64.0476964,-39.447588024625446
916.22049,64.0841551,-39.76479625302555
918.332596,64.1204706,-40.08234075035562
920.449572,64.1566424,-40.40021750591108
922.571427,64.1926699,-40.718422508987366
924.698174,64.2285527,-41.03695169158415
926.829823,64.2642902,-41.355800928405294
928.966387,64.2998818,-41.67496603685888
931.107875,64.3353271,-41.99444289164881
933.254301,64.3706255,-42.314227081000034
935.405674,64.4057765,-42.63431442232068
937.562007,64.4407796,-42.95470050383569
939.723311,64.4756343,-43.27538097106585
941.889597,64.5103402,-43.59635124034879
944.060876,64.5448966,-43.91760689990947
946.237161,64.5793032,-44.23914336608555
948.418463,64.6135595,-44.56095605521467
950.604794,64.6476649,-44.88304026904289
952.796164,64.6816191,-45.20539142390787
954.992586,64.7154215,-45.52800464966834
957.194071,64.7490717,-45.85087519077461
959.400632,64.7825693,-46.17399823438118
961.612278,64.8159138,-46.49736891034682
963.829024,64.8491048,-46.820982291234465
966.050879,64.8821419,-47.1448334496071
968.277856,64.9150246,-47.46891728614033
970.509967,64.9477525,-47.79322881610135
972.747224,64.9803252,-48.117762940165775
974.989638,65.0127424,-48.44251450171345
977.237221,65.0450036,-48.76747834412423
979.489985,65.0771084,-49.09264919618638
981.747943,65.1090565,-49.418021901279765
984.011106,65.1408475,-49.743591130896874
986.279486,65.1724811,-50.06935149923444
988.553095,65.2039568,-50.39529767778496
990.831945,65.2352744,-50.72142428074518
993.116048,65.2664334,-51.04772580772024
995.405417,65.2974337,-51.37419681561111
997.700064,65.3282748,-51.70083180402294
1000.0,65.3589565,-52.02762515796935
1002.30524,65.3894784,-52.35457137705549
1004.61579,65.4198403,-52.68166478899921
1006.93167,65.4500418,-53.008899778814104
1009.25289,65.4800827,-53.33627067421801
1011.57945,65.5099628,-53.66377174563296
1013.91139,65.5396817,-53.99139726348101
1016.24869,65.5692392,-54.319141498184216
1018.59139,65.5986351,-54.64699854827728
1020.93948,65.6278692,-54.97496268418226
1023.29299,65.6569411,-55.303028061729634
1025.65193,65.6858508,-55.63118883674991
1028.0163,65.714598,-55.95943899318621
1030.38612,65.7431825,-56.28777268686904
1032.76141,65.7716041,-56.616184016333115
1035.14217,65.7998627,-56.944666965521584
1037.52842,65.8279581,-57.273215575673376
1039.92017,65.8558901,-57.60182377343586
1042.31743,65.8836586,-57.93048554275219
1044.72022,65.9112635,-58.25919486756552
1047.12855,65.9387046,-58.587946018297885
1049.54243,65.9659818,-58.91673269241355
1051.96187,65.9930951,-59.24554858737677
1054.3869,66.0200443,-59.574387400651794
1056.81751,66.0468293,-59.903243975618466
1059.25373,66.0734501,-60.232110863825454
1061.69556,66.0999065,-60.560983481610386
1064.14302,66.1261987,-60.889854380521946
1066.59612,66.1523264,-61.21871783098215
1069.05488,66.1782897,-61.54756810341308
1071.51931,66.2040886,-61.87639832232118
1073.98941,66.229723,-62.205202758128486
1076.46521,66.2551929,-62.53397510829928
1078.94672,66.2804984,-62.862709070297804
1081.43395,66.3056394,-63.19139834158828
1083.92691,66.3306161,-63.520037765550605
1086.42562,66.3554284,-63.84861989373341
1088.93009,66.3800763,-64.17713899655875
1091.44034,66.4045601,-64.50558877149088
1093.95637,66.4288796,-64.83396348895184
1096.4782,66.4530351,-65.16225684640591
1099.00584,66.4770265,-65.49046196835951
1101.53931,66.500854,-65.81857369819252
1104.07862,66.5245178,-66.14658516041138
1106.62378,66.5480179,-66.47449062543814
1109.17482,66.5713544,-66.80228321777925
1111.73173,66.5945276,-67.12995778081456
1114.29453,66.6175376,-67.45750801200833
1116.86325,66.6403844,-67.78492703586703
1119.43788,66.6630684,-68.11220969577049
1122.01845,66.6855897,-68.43934911622515
1124.60497,66.7079485,-68.76634014061086
1127.19746,66.730145,-69.09317532047632
1129.79591,66.7521794,-69.41985007215914
1132.40036,66.7740519,-69.74635752016577
1135.01082,66.7957628,-70.07269250787607
1137.62729,66.8173123,-70.3988481597965
1140.24979,66.8387007,-70.7248187463491
1142.87833,66.8599283,-71.05059796499812
1145.51294,66.8809953,-71.37618123208121
1148.15362,66.901902,-71.70156109914703
1150.80039,66.9226486,-72.02673298253322
1153.45326,66.9432356,-72.35169000674622
1156.11224,66.9636632,-72.6764270151659
1158.77736,66.9839318,-73.00093770525652
1161.44861,67.0040416,-73.32521749335568
1164.12603,67.0239931,-73.64925893101207
1166.80962,67.0437865,-73.97305743456334
1169.49939,67.0634223,-74.2966072744315
1172.19537,67.0829007,-74.61990272103864
1174.89755,67.1022222,-74.94293804480678
1177.60597,67.1213872,-75.26570751615797
1180.32064,67.1403961,-75.58820655142989
1183.04156,67.1592493,-75.91042827512895
1185.76875,67.1779471,-76.23236810359279
1188.50223,67.19649,-76.55402030724349
1191.24201,67.2148785,-76.87537972946087
1193.9881,67.2331129,-77.196440640667
1196.74053,67.2511938,-77.51719788424171
1199.4993,67.2691215,-77.83764687652263
1202.26443,67.2868966,-78.15778131497402
1205.03594,67.3045195,-78.47759661593354
1207.81384,67.3219906,-78.79708762278099
1210.59813,67.3393106,-79.11624917889625
1213.38885,67.3564798,-79.43507612765917
1216.186,67.3734988,-79.75356331244957
1218.9896,67.3903681,-80.07170614960508
1221.79966,67.4070882,-80.38949948250558
1224.6162,67.4236596,-80.70693872748868
1227.43923,67.4400829,-81.02401815497643
1230.26877,67.4563585,-81.3407343272221
1233.10483,67.4724871,-81.65708094168987
1235.94743,67.4884691,-81.97305513359083
1238.79659,67.5043052,-82.28865060038919
1241.65231,67.5199959,-82.60386333138042
1244.51461,67.5355418,-82.91868931585992
1247.38351,67.5509434,-83.23312339720756
1250.25903,67.5662013,-83.54716099176096
1253.14117,67.5813162,-83.86079866177339
1256.02996,67.5962886,-84.17403125062464
1258.92541,67.611119,-84.48685417465236
1261.82753,67.6258082,-84.7992639961098
1264.73635,67.6403567,-85.1112561313346
1267.65187,67.6547652,-85.42282656962217
1270.57411,67.6690342,-85.73397130026797
1273.50308,67.6831644,-86.04468573960962
1276.43881,67.6971564,-86.35496644990035
1279.3813,67.7110108,-86.6648094204356
1282.33058,67.7247283,-86.97421064051082
1285.28666,67.7383096,-87.28316667237922
1288.24955,67.7517552,-87.59167293237843
1291.21927,67.7650658,-87.8997265557195
1294.19584,67.7782422,-88.20732353169784
1297.17927,67.7912849,-88.51445984960888
1300.16958,67.8041945,-88.82113264466368
1303.16678,67.8169719,-89.12733790615765
1306.17089,67.8296176,-89.43307219634403
1309.18192,67.8421323,-89.73833265043385
1312.1999,67.8545167,-90.04311583068028
1315.22483,67.8667715,-90.34741772637885
1318.25674,67.8788974,-90.6512360456983
1321.29563,67.890895,-90.95456735089188
1324.34154,67.902765,-91.25740820421284
1327.39446,67.9145082,-91.5597557408722
1330.45442,67.9261252,-91.86160652312317
1333.52143,67.9376167,-92.16295883209239
1336.59552,67.9489834,-92.46380865707529
1339.67669,67.960226,-92.76415313328286
1342.76496,67.9713453,-93.06399054184173
1345.86035,67.9823419,-93.36331687204738
1348.96288,67.9932166,-93.66213040502636
1352.07256,68.0039699,-93.96042770303194
1355.18941,68.0146028,-94.25820704719072
1358.31345,68.0251158,-94.55546557271371
1361.44468,68.0355097,-94.85220041481196
1364.58314,68.0457851,-95.14840985461208
1367.72883,68.0559429,-95.44409160028289
1370.88177,68.0659838,-95.7392427870354
1374.04198,68.0759083,-96.03386112303845
1377.20947,68.0857173,-96.32794488941862
1380.38426,68.0954115,-96.62149179434476
1383.56638,68.1049916,-96.9145001189435
1386.75583,68.1144583,-97.20696699842581
1389.95263,68.1238124,-97.49889128687614
1393.1568,68.1330545,-97.79027069246331
1396.36836,68.1421854,-98.08110349631393
1399.58732,68.1512058,-98.3713874065968
1402.8137,68.1601164,-98.66112127739636
1406.04752,68.1689179,-98.95030338983919
1409.2888,68.1776112,-99.23893145209414
1412.53754,68.1861967,-99.5270043182456
1415.79378,68.1946754,-99.81452084237799
1419.05752,68.2030479,-100.10147873266014
1422.32879,68.2113149,-100.38787741613422
1425.60759,68.2194772,-100.67371402801129
1428.89396,68.2275354,-100.95898914124915
1432.1879,68.2354903,-101.24369989105878
1435.48943,68.2433426,-101.52784570448242
1438.79858,68.251093,-101.81142486264667
1442.11535,68.2587423,-102.09443736555154
1445.43977,68.266291,-102.37688092136585
1448.77185,68.27374,-102.658754384174
1452.11162,68.2810899,-102.94005775397599
1455.45908,68.2883415,-103.22078988485626
1458.81426,68.2954954,-103.50094905794136
1462.17717,68.3025524,-103.78053470027356
1465.54784,68.3095131,-104.05954623889502
1468.92628,68.3163783,-104.33798310084798
1472.3125,68.3231487,-104.61584414021682
1475.70653,68.3298249,-104.89312821108598
1479.10839,68.3364076,-105.16983588641324
1482.51809,68.3428976,-105.4459654473252
1485.93564,68.3492954,-105.72151689382187
1489.36108,68.3556019,-105.99648907998767
1492.79441,68.3618177,-106.2708820058226
1496.23566,68.3679434,-106.54469567132664
1499.68484,68.3739799,-106.81792893058422
1503.14197,68.3799276,-107.09058178359534
1506.60707,68.3857873,-107.36265365740219
1510.08015,68.3915597,-107.63414455200476
1513.56125,68.3972455,-107.90505389444529
1517.05037,68.4028452,-108.17538168472375
1520.54753,68.4083597,-108.44512792284014
1524.05275,68.4137895,-108.71429203583672
1527.56606,68.4191352,-108.98287459667122
1531.08746,68.4243976,-109.25087503238586
1534.61698,68.4295774,-109.51829334298066
1538.15464,68.434675,-109.78512952845561
1541.70045,68.4396913,-110.0513841617685
1545.25444,68.4446268,-110.31705666996153
1548.81662,68.4494822,-110.58214762599249
1552.38701,68.4542581,-110.8466570298614
1555.96563,68.4589551,-111.11058545452607
1559.5525,68.463574,-111.37393232702867
1563.14764,68.4681152,-111.63669822032698
1566.75107,68.4725795,-111.89888370737884
1570.3628,68.4769674,-112.16048878818424
1573.98286,68.4812796,-112.42151460865877
1577.61127,68.4855167,-112.68196059584461
1581.24804,68.4896792,-112.94182732269958
1584.89319,68.4937679,-113.20111536218147
1588.54675,68.4977833,-113.45982586020588
1592.20873,68.5017259,-113.71795824381498
1595.87915,68.5055965,-113.97551365892438
1599.55803,68.5093956,-114.23249267849191
1603.24539,68.5131237,-114.48889587547531
1606.94125,68.5167815,-114.74472382283241
1610.64564,68.5203696,-114.99997709352098
1614.35856,68.5238885,-115.25465626049885
1618.08004,68.5273388,-115.50876246968156
1621.8101,68.5307211,-115.76229629402695
1625.54876,68.5340359,-116.01525830649278
1629.29603,68.5372838,-116.2676490800369
1633.05195,68.5404654,-116.51946976057486
1636.81652,68.5435812,-116.77072149402224
1640.58977,68.5466318,-117.02140428037904
1644.37172,68.5496177,-117.2715198385187
1648.16239,68.5525394,-117.52106874139895
1651.9618,68.5553976,-117.77005213493538
1655.76996,68.5581927,-118.01847001912809
1659.58691,68.5609253,-118.26632468580812
1663.41265,68.5635959,-118.51361670793337
1667.24721,68.5662051,-118.76034665846157
1671.09061,68.5687532,-119.00651568330835
1674.94288,68.571241,-119.25212492838926
1678.80402,68.5736689,-119.49717553961995
1682.67406,68.5760373,-119.74166923587377
1686.55303,68.5783469,-119.98560601715072
1690.44093,68.580598,-120.2289876023242
1694.3378,68.5827913,-120.47181456435197
1698.24365,68.5849272,-120.71408919506524
1702.15851,68.5870061,-120.95581206742182
1706.08239,68.5890287,-121.19698375437946
1710.01532,68.5909953,-121.43760654776938
1713.95731,68.5929064,-121.67768102054934
1717.90839,68.5947626,-121.91720889159275
1721.86857,68.5965643,-122.1561907338574
1725.83789,68.5983119,-122.3946288391745
1729.81636,68.6000059,-122.63252320754397
1733.804,68.6016469,-122.86987670375487
1737.80083,68.6032351,-123.10668932780716
1741.80687,68.6047712,-123.34296279857423
1745.82215,68.6062555,-123.5786988349295
1749.84669,68.6076885,-123.81389858278847
1753.8805,68.6090706,-124.04856318806682
1757.92361,68.6104023,-124.28269436963791
1761.97605,68.611684,-124.51629384637509
1766.03782,68.6129161,-124.74936219123622
1770.10896,68.6140991,-124.98190169605243
1774.18948,68.6152334,-125.21391293378151
1778.27941,68.6163193,-125.44539819625467
1782.37877,68.6173574,-125.6763580564297
1786.48757,68.618348,-125.9067948061378
1790.60585,68.6192915,-126.1367101642523
1794.73363,68.6201884,-126.36610413077324
1798.87092,68.621039,-126.59498014344737
1803.01774,68.6218438,-126.82333820227473
1807.17413,68.622603,-127.05118059908642
1811.34009,68.6233172,-127.27850847979812
1815.51566,68.6239867,-127.5053235632832
1819.70086,68.6246119,-127.73162756841498
1823.8957,68.6251932,-127.95742164110914
1828.10022,68.6257309,-128.18270807319675
1832.31442,68.6262254,-128.4074880105935
1836.53834,68.626677,-128.63176259921494
1840.772,68.6270863,-128.85553413089227
1845.01542,68.6274534,-129.07880375154107
1849.26862,68.6277788,-129.3015731800347
1853.53162,68.6280628,-129.52384413524658
1857.80446,68.6283057,-129.74561833605006
1862.08714,68.628508,-129.96689692836077
1866.37969,68.62867,-130.18768220400986
1870.68214,68.6287919,-130.40797530891294
1874.99451,68.6288742,-130.62777796194337
1879.31682,68.6289171,-130.8470918819746
1883.64909,68.6289211,-131.06591878787992
1887.99135,68.6288863,-131.284259825575
1892.34362,68.6288132,-131.50211728689095
1896.70592,68.6287021,-131.71949289070125
1901.07828,68.6285533,-131.9363877829214
1905.46072,68.628367,-132.15280425538265
1909.85326,68.6281437,-132.36874345400048
1914.25593,68.6278836,-132.5842070976484
1918.66874,68.627587,-132.79919690519978
1923.09173,68.6272542,-133.01371459552792
1927.52491,68.6268855,-133.22776246046408
1931.96832,68.6264812,-133.44134107296603
1936.42196,68.6260417,-133.65445272486494
1940.88588,68.6255671,-133.8670991350342
1945.36008,68.6250578,-134.0792820223472
1949.8446,68.6245141,-134.29100253271955
1954.33946,68.6239362,-134.50226295798237
1958.84467,68.6233244,-134.71306501700911
1963.36028,68.622679,-134.92341042867312
1967.88629,68.6220003,-135.13330033889002
1972.42274,68.6212885,-135.34273703949097
1976.96964,68.6205438,-135.55172167639154
1981.52703,68.6197666,-135.76025654142293
1986.09492,68.6189571,-135.96834335345855
1990.67334,68.6181156,-136.17598325841396
1995.26231,68.6172423,-136.38317854812038
1999.86187,68.6163374,-136.58993036849333
2004.47203,68.6154013,-136.79624043840624
2009.09281,68.6144341,-137.00211104969028
2013.72425,68.6134361,-137.20754334826105
2018.36636,68.6124075,-137.41253905299192
2023.01918,68.6113486,-137.6171004557141
2027.68272,68.6102595,-137.82122927530094
2032.35701,68.6091406,-138.0249260847103
2037.04208,68.6079921,-138.22819374873106
2041.73794,68.6068141,-138.43103341327884
2046.44464,68.605607,-138.63344679722707
2051.16218,68.6043708,-138.8354356194491
2055.8906,68.6031059,-139.0370015988183
2060.62991,68.6018125,-139.23814702716595
2065.38016,68.6004907,-139.4388724774497
2070.14135,68.5991407,-139.63918024150084
2074.91352,68.5977629,-139.83907261115047
2079.69669,68.5963573,-140.03855015935648
2084.49088,68.5949242,-140.23761517794995
2089.29613,68.5934638,-140.43626881284652
2094.11246,68.5919763,-140.63451392883516
2098.93988,68.5904618,-140.83235052591587
2103.77844,68.5889207,-141.02978204183546
2108.62815,68.5873529,-141.22680904955166
2113.48904,68.5857588,-141.4234332679379
2118.36114,68.5841385,-141.61965641586752
2123.24446,68.5824923,-141.81548078517173
2128.13905,68.5808202,-142.01090752176614
2133.04491,68.5791225,-142.2059377715663
2137.96209,68.5773993,-142.40057439936123
2142.8906,68.5756508,-142.59481797810867
2147.83047,68.5738772,-142.78867079963985
2152.78173,68.5720786,-142.98213400987035
2157.74441,68.5702553,-143.1752099006313
2162.71852,68.5684074,-143.3678996178384
2167.7041,68.566535,-143.56020488036492
2172.70118,68.5646383,-143.75212740708432
2177.70977,68.5627174,-143.94366891686994
2182.72991,68.5607726,-144.13483055563736
2187.76162,68.5588039,-144.32561461521783
2192.80494,68.5568116,-144.51602224152688
2197.85987,68.5547957,-144.70605515343792
2202.92646,68.5527565,-144.89571449686653
2208.00473,68.550694,-145.08500313660173
2213.09471,68.5486084,-145.2739216456012
2218.19642,68.5464998,-145.46247174273847
2223.30989,68.5443685,-145.6506557198446
2228.43515,68.5422144,-145.83847414987747
2233.57222,68.5400379,-146.02592932466823
2238.72114,68.5378389,-146.21302239013244
2243.88192,68.5356176,-146.39975506514352
2249.05461,68.5333742,-146.58612906857485
2254.23921,68.5311088,-146.77214554634205
2259.43577,68.5288214,-146.95780679027624
2264.64431,68.5265123,-147.14311394629303
2269.86485,68.5241816,-147.32806816030805
2275.09743,68.5218293,-147.51267172415243
2280.34207,68.5194556,-147.69692578374176
2285.5988,68.5170607,-147.88083205794948
2290.86765,68.5146445,-148.06439169269112
2296.14865,68.5122073,-148.2476064068401
2301.44182,68.5097492,-148.4304779192698
2306.74719,68.5072702,-148.61300737589582
2312.06479,68.5047704,-148.7951970685493
2317.39465,68.5022501,-148.9770475701881
2322.7368,68.4997092,-149.15856117264335
2328.09126,68.4971479,-149.33973844887282
2333.45806,68.4945663,-149.52058169070776
2338.83724,68.4919645,-149.70109204406373
2344.22882,68.4893425,-149.8812712278141
2349.63282,68.4867006,-150.06112096083226
2355.04928,68.4840387,-150.24064181607605
2360.47823,68.481357,-150.41983551241879
2365.9197,68.4786555,-150.59870434169173
2371.37371,68.4759344,-150.77724887685258
2376.84029,68.4731937,-150.9554708367748
2382.31947,68.4704336,-151.13337194033176
2387.81128,68.4676541,-151.3109527604812
2393.31576,68.4648553,-151.48821616201218
2398.83292,68.4620373,-151.66516214492464
2404.3628,68.4592001,-151.84179357400757
2409.90543,68.4563439,-152.01811044926094
2415.46083,68.4534687,-152.19411448955825
2421.02905,68.4505746,-152.36980798673054
2426.6101,68.4476617,-152.54519151373566
2432.20401,68.4447301,-152.720266789447
2437.81082,68.4417798,-152.89503553273795
2443.43055,68.4388109,-153.06949831656632
2449.06324,68.4358234,-153.24365685980547
2454.70892,68.4328175,-153.41751288132878
2460.3676,68.4297932,-153.5910669540941
2466.03934,68.4267506,-153.76432136993253
2471.72415,68.4236898,-153.93727727475968
2477.42206,68.4206107,-154.10993524153338
2483.13311,68.4175136,-154.2822981350426
2488.85732,68.4143983,-154.45436538232948
2494.59473,68.4112651,-154.6261398481831
2500.34536,68.4081139,-154.7976221055612
2506.10925,68.4049448,-154.96881387333715
2511.88643,68.4017579,-155.13971629742656
2517.67693,68.3985532,-155.31033052374502
2523.48077,68.3953309,-155.48065827116594
2529.298,68.3920908,-155.65070068560485
2535.12863,68.3888331,-155.8204589129774
2540.97271,68.3855579,-155.98993409919913
2546.83025,68.3822652,-156.1591273901857
2552.7013,68.378955,-156.3280410777682
2558.58589,68.3756274,-156.49667516194668
2564.48404,68.3722824,-156.66503193455236
2570.39578,68.3689202,-156.83311196854297
2576.32116,68.3655406,-157.0009169827919
2582.26019,68.3621438,-157.16844812321474
2588.21292,68.3587299,-157.33570653572716
2594.17936,68.3552988,-157.50269336624464
2600.15956,68.3518506,-157.6694097606828
2606.15355,68.3483853,-157.8358574379151
2612.16135,68.344903,-158.00203754385706
2618.18301,68.3414037,-158.16795065146647
2624.21854,68.3378875,-158.33359847961674
2630.26799,68.3343544,-158.49898217422347
2636.33139,68.3308044,-158.6641028812022
2642.40876,68.3272375,-158.8289617464686
2648.50014,68.3236539,-158.9935599159382
2654.60556,68.3200534,-159.15789910848437
2660.72506,68.3164362,-159.32197989706495
2666.85866,68.3128024,-159.48580342759556
2673.00641,68.3091518,-159.64937141894947
2679.16832,68.3054845,-159.8126844440846
2685.34445,68.3018007,-159.97574364891648
2691.5348,68.2981002,-160.13855075231848
2697.73943,68.2943832,-160.30110690020624
2703.95836,68.2906496,-160.4634126655375
2710.19163,68.2868995,-160.62546919422792
2716.43927,68.2831329,-160.78727820515078
2722.70131,68.2793498,-160.94883969830622
2728.97778,68.2755503,-161.11015653848307
2735.26873,68.2717343,-161.27122815272364
2741.57417,68.2679019,-161.43205625990126
2747.89415,68.2640531,-161.59264257888935
2754.2287,68.2601879,-161.7529871096879
2760.57786,68.2563064,-161.9130921441281
2766.94165,68.2524086,-162.07295768220987
2773.3201,68.2484944,-162.23258486984892
2779.71327,68.2445639,-162.39197599887638
2786.12117,68.2406171,-162.55113049633442
2792.54384,68.236654,-162.71005065405427
2798.98132,68.2326747,-162.8687364720359
2805.43364,68.2286792,-163.0271902421105
2811.90083,68.2246673,-163.1854119642781
2818.38293,68.2206393,-163.34340278445424
2824.87997,68.216595,-163.50116442151233
2831.392,68.2125346,-163.65869744841018
2837.91903,68.2084579,-163.81600301106334
2844.46111,68.2043651,-163.97308168242964
2851.01827,68.2002561,-164.12993518138245
2857.59054,68.1961309,-164.28656408087957
2864.17797,68.1919895,-164.44296952683658
2870.78058,68.187832,-164.59915209221128
2877.39841,68.1836584,-164.75511349587708
2884.0315,68.1794685,-164.91085373783395
2890.67988,68.1752626,-165.06637510991308
2897.34359,68.1710405,-165.22167761211443
2904.02265,68.1668023,-165.37676239035372
2910.71712,68.1625479,-165.53163059054637
2917.42701,68.1582774,-165.6862827856503
2924.15238,68.1539908,-165.84072012158103
2930.89325,68.1496881,-165.99494374425421
2937.64965,68.1453692,-166.14895479958537
2944.42163,68.1410342,-166.30275386053233
2951.20923,68.1366831,-166.4563415000529
2958.01247,68.1323159,-166.60971943702043
2964.83139,68.1279325,-166.76288767143498
2971.66603,68.123533,-166.91584792216986
2978.51643,68.1191174,-167.0686007621829
2985.38262,68.1146856,-167.22114676443198
2992.26464,68.1102377,-167.3734876477903
2999.16252,68.1057737,-167.52562398521582
3006.0763,68.1012934,-167.67755577670843
3013.00602,68.0967971,-167.8292853140994
3019.95172,68.0922846,-167.98081259738868
3026.91343,68.0877559,-168.13213877249186
3033.89118,68.083211,-168.28326441236675
3040.88503,68.07865,-168.43419123588671
3047.89499,68.0740728,-168.58491867009397
3054.92111,68.0694793,-168.73544900681975
3061.96343,68.0648697,-168.88578167310615
3069.02199,68.0602439,-169.03591896078441
3076.09681,68.0556018,-169.1858608698546
3083.18795,68.0509435,-169.33560797327436
3090.29543,68.046269,-169.48516198991723
3097.4193,68.0415782,-169.6345234927409
3104.55959,68.0368712,-169.78369248174542
3111.71634,68.0321479,-169.93267067580416
3118.88958,68.0274083,-170.08145807491712
3126.07937,68.0226524,-170.2300563979577
3133.28572,68.0178802,-170.37846621788367
3140.50869,68.0130916,-170.52668753469501
3147.74831,68.0082868,-170.67472206726515
3155.00462,68.0034655,-170.8225703885519
3162.27766,67.998628,-170.97023249855522
3169.56746,67.993774,-171.11771011614852
3176.87407,67.9889036,-171.26500381428957
3184.19752,67.9840169,-171.41211416593617
3191.53786,67.9791137,-171.55904174404614
3198.89511,67.9741941,-171.70578769453505
3206.26932,67.969258,-171.8523525903607
3213.66054,67.9643054,-171.99873757743865
3221.06879,67.9593364,-172.14494265576897
3228.49412,67.9543509,-172.2909689712672
3235.93657,67.9493488,-172.4368170968911
3243.39617,67.9443302,-172.58248760559857
3250.87297,67.939295,-172.72798164330513
3258.36701,67.9342433,-172.87329978296856
3265.87832,67.929175,-173.01844259754668
3273.40695,67.92409,-173.16341123295507
3280.95293,67.9189885,-173.30820568919378
3288.51631,67.9138702,-173.45282653922058
3296.09712,67.9087353,-173.5972755019088
3303.69541,67.9035837,-173.74155257725846
3311.31121,67.8984154,-173.88565891118523
3318.94458,67.8932304,-174.02959450368897
3326.59553,67.8880286,-174.17335992772763
3334.26413,67.88281,-174.31695690217452
3341.9504,67.8775747,-174.4603848540718
3349.65439,67.8723225,-174.60364550229295
3357.37614,67.8670535,-174.74673884683787
3365.11569,67.8617676,-174.88966603362223
3372.87309,67.8564648,-175.032427062646
3380.64836,67.8511452,-175.1750230798248
3388.44156,67.8458086,-175.31745408515854
3396.25273,67.8404551,-175.45972179752073
3404.0819,67.8350845,-175.60182564395348
3411.92912,67.829697,-175.7437673433302
3419.79443,67.8242925,-175.88554689565092
3427.67787,67.8188709,-176.0271648738734
3435.57948,67.8134323,-176.16862185095545
3443.49931,67.8079765,-176.3099183998549
3451.43739,67.8025037,-176.45105566648724
3459.39378,67.7970137,-176.59203422381037
3467.3685,67.7915065,-176.73285349886646
3475.36161,67.7859821,-176.87351521052886
3483.37315,67.7804406,-177.0140199317554
3491.40315,67.7748818,-177.1543676625461
3499.45167,67.7693057,-177.2945595488165
3507.51874,67.7637123,-177.43459559056663
3515.60441,67.7581016,-177.57447693371208
3523.70871,67.7524736,-177.71420357825284
3531.8317,67.7468282,-177.85377609714666
3539.97341,67.7411654,-177.99319563630928
3548.13389,67.7354852,-178.13246219574052
3556.31319,67.7297875,-178.27157634839827
3564.51133,67.7240724,-178.41053924019815
3572.72838,67.7183397,-178.54935029818228
3580.96437,67.7125895,-178.6880112412241
3589.21935,67.7068218,-178.82652206932357
3597.49335,67.7010365,-178.96488278248074
3605.78643,67.6952335,-179.103095099569
3614.09863,67.689413,-179.24115844763048
3622.42998,67.6835747,-179.37907381098302
3630.78055,67.6777188,-179.51684151282223
3639.15036,67.6718452,-179.6544619645081
3647.53947,67.6659538,-179.79193631195616
3655.94792,67.6600446,-179.92926455516653
3664.37575,67.6541176,-180.0664466941391
3672.823,67.6481728,-180.20348444774731
3681.28974,67.6422102,-180.34037724303334
3689.77599,67.6362296,-180.477125652955
3698.2818,67.6302311,-180.61373082342794
3706.80722,67.6242147,-180.75019275445203
3715.35229,67.6181803,-180.88651201898512
3723.91706,67.6121279,-181.02268861702726
3732.50158,67.6060575,-181.158723694494
3741.10588,67.599969,-181.29461725138532
3749.73002,67.5938624,-181.43036986065906
3758.37404,67.5877377,-181.56598209527297
3767.03799,67.5815948,-181.7014545281849
3775.72191,67.5754338,-181.83678715939482
3784.42585,67.5692546,-181.97198113481826
3793.14985,67.5630571,-182.10703588149752
3801.89396,67.5568414,-182.24195254534817
3810.65823,67.5506073,-182.3767311263702
3819.44271,67.544355,-182.51137219752133
3828.24743,67.5380843,-182.6458769047173
3837.07245,67.5317952,-182.7802441020424
3845.91782,67.5254877,-182.91447550837006
3854.78358,67.5191618,-183.04857112370027
3863.66977,67.5128174,-183.18253152099084
3872.57645,67.5064544,-183.31635670024173
3881.50366,67.500073,-183.4500472344108
3890.45145,67.493673,-183.5836036964558
3899.41987,67.4872544,-183.71702608637676
3908.40896,67.4808172,-183.85031555008916
3917.41877,67.4743614,-183.9834715146354
3926.44935,67.4678869,-184.1164945529731
3935.50075,67.4613936,-184.24938581101796
3944.57302,67.4548817,-184.38214471581213
3953.6662,67.4483509,-184.51477184031344
3962.78034,67.4418014,-184.64726833043744
3971.91549,67.4352331,-184.77963361322637
3981.07171,67.4286458,-184.91186826163798
3990.24902,67.4220398,-185.04397284863012
3999.4475,67.4154147,-185.17594737420274
4008.66718,67.4087708,-185.30779298427152
4017.90811,67.4021079,-185.43950910587853
4027.17034,67.3954259,-185.57109631198165
4036.45393,67.388725,-185.7025551755387
4045.75892,67.382005,-185.83388569654957
4055.08535,67.3752659,-185.9650884479722
4064.43329,67.3685076,-186.09616400276425
4073.80278,67.3617302,-186.22711236092582
4083.19386,67.3549337,-186.35793352245688
4092.6066,67.3481179,-186.48862806031516
4102.04103,67.3412829,-186.61919654745859
4111.49721,67.3344286,-186.7496395568448
4120.97519,67.3275551,-186.87995651551614
4130.47502,67.3206622,-187.01014799643036
4139.99675,67.3137499,-187.14021457254518
4149.54043,67.3068183,-187.27015624386073
4159.1061,67.2998672,-187.39997358333468
4168.69383,67.2928967,-187.5296665909671
4178.30367,67.2859068,-187.65923641267355
4187.93565,67.2788973,-187.7886819025385
4197.58984,67.2718683,-187.91800420647752
4207.26628,67.2648198,-188.0472033244905
4216.96503,67.2577516,-188.17627982953536
4226.68614,67.2506639,-188.3052342945699
4236.42966,67.2435565,-188.43406557367842
4246.19564,67.2364294,-188.5627753857344
4255.98413,67.2292827,-188.69136373073786
4265.79519,67.2221162,-188.8198300357309
4275.62886,67.2149299,-188.94817544662916
4285.4852,67.2077239,-189.07639939047488
4295.36427,67.200498,-189.20450301318363
4305.2661,67.1932523,-189.33248631475536
4315.19077,67.1859868,-189.46034929519018
4325.13831,67.1787013,-189.58809195448796
4335.10878,67.1713959,-189.71571486560657
4345.10224,67.1640706,-189.843218028546
4355.11874,67.1567253,-189.97060258922187
4365.15832,67.14936,-190.09786740171853
4375.22105,67.1419746,-190.22501361195157
4385.30698,67.1345692,-190.35204121992106
4395.41615,67.1271437,-190.47895022562696
4405.54864,67.1196981,-190.60574062906926
4415.70447,67.1122323,-190.73241357616354
4425.88372,67.1047464,-190.85896849395206
4436.08644,67.0972402,-190.98540595539254
4446.31267,67.0897139,-191.11172596048505
4456.56248,67.0821673,-191.23792850922953
4466.83592,67.0746004,-191.36401417458382
4477.13304,67.0670132,-191.48998295654786
4487.4539,67.0594057,-191.61583485512173
4497.79855,67.0517778,-191.741571016221
4508.16705,67.0441295,-191.86719029393004
4518.55944,67.0364609,-191.99269383416447
4528.9758,67.0287718,-192.11808106396649
4539.41617,67.0210622,-192.24335312925172
4549.8806,67.0133322,-192.3685088841045
4560.36916,67.0055817,-192.49355004739826
4570.8819,66.9978106,-192.6184754732174
4581.41887,66.990019,-192.7432863074775
4591.98013,66.9822067,-192.8679819772208
4602.56574,66.9743739,-192.9925624824473
4613.17575,66.9665204,-193.11702896907252
4623.81021,66.9586463,-193.24138086413873
4634.4692,66.9507515,-193.36561874060374
4645.15275,66.942836,-193.48974259846747
4655.86094,66.9348998,-193.6137518647722
4666.5938,66.9269428,-193.73764768543353
4677.35141,66.918965,-193.8614300604514
4688.13382,66.9109665,-193.985098416868
4698.94109,66.9029471,-194.108653900599
4709.77326,66.8949068,-194.23209593868654
4720.63041,66.8868457,-194.35542453113064
4731.51259,66.8787637,-194.47864025088913
4742.41985,66.8706608,-194.60174309796196
4753.35226,66.8625369,-194.72473364530694
4764.30987,66.8543921,-194.84761074700847
4775.29274,66.8462263,-194.97037612194
4786.30092,66.8380394,-195.09302862418585
4797.33449,66.8298316,-195.21556939966166
4808.39348,66.8216027,-195.33799730245187
4819.47798,66.8133527,-195.46031347847196
4830.58802,66.8050817,-195.58251792772202
4841.72368,66.7967895,-195.70461007724427
4852.885,66.7884762,-195.8265910729542
4864.07206,66.7801417,-195.94845976893635
4875.2849,66.771786,-196.07021731110618
4886.52359,66.7634092,-196.19186369946382
4897.78819,66.7550111,-196.31339836105136
4909.07876,66.7465918,-196.43482186882667
4920.39536,66.7381512,-196.55613422278972
4931.73804,66.7296894,-196.67733542294053
4943.10687,66.7212062,-196.79842604223685
4954.50191,66.7127018,-196.91940550772094
4965.92321,66.704176,-197.04027439235057
4977.37085,66.6956288,-197.1610321231679
4988.84487,66.6870603,-197.2816792731308
5000.34535,66.6784703,-197.4022158422393
5011.87234,66.669859,-197.52264240345104
5023.4259,66.6612262,-197.64295781085056
5035.00609,66.652572,-197.7631632103534
5046.61298,66.6438963,-197.8832580290018
5058.24662,66.6351991,-198.00324341271136
5069.90708,66.6264804,-198.1231176426086
5081.59443,66.6177402,-198.242882437567
5093.30871,66.6089784,-198.36253665167095
5105.05,66.6001951,-198.48208143083602
5116.81836,66.5913902,-198.60151620210445
5128.61384,66.5825638,-198.72084096547616
5140.43652,66.5737157,-198.84005572095126
5152.28645,66.564846,-198.95916104148745
5164.16369,66.5559547,-199.07815635412697
5176.06832,66.5470417,-199.19704165886984
5188.00039,66.538107,-199.31581810163166
5199.95997,66.5291507,-199.4344845364968
5211.94711,66.5201726,-199.55304096346526
5223.96189,66.5111729,-199.67148852845264
5236.00437,66.5021514,-199.78982665850117
5248.0746,66.4931081,-199.90805478065306
5260.17266,66.4840432,-200.0261740408238
5272.29861,66.4749564,-200.14418329309797
5284.45252,66.4658478,-200.262083683391
5296.63444,66.4567175,-200.37987463874518
5308.84444,66.4475653,-200.4975561591605
5321.08259,66.4383913,-200.6151282446369
5333.34895,66.4291955,-200.73259146813228
5345.64359,66.4199778,-200.84994525668878
5357.96658,66.4107382,-200.9671901832642
5370.31796,66.4014768,-201.08432567490073
5382.69783,66.3921934,-201.20135173159838
5395.10623,66.3828882,-201.318268926315
5407.54323,66.3735611,-201.43507668609274
5420.0089,66.364212,-201.5517755838894
5432.50331,66.354841,-201.66836504674717
5445.02653,66.345448,-201.78484564762385
5457.57861,66.3360331,-201.90121681356172
5470.15963,66.3265962,-202.0174791175185
5482.76965,66.3171373,-202.13363255949417
5495.40874,66.3076564,-202.24967656653098
5508.07696,66.2981536,-202.36561113862896
5520.77439,66.2886287,-202.48143742170365
5533.50109,66.2790818,-202.59715369688163
5546.25713,66.2695128,-202.71276168303635
5559.04257,66.2599219,-202.8282596612944
5571.85749,66.2503089,-202.9436493505292
5584.70195,66.2406738,-203.05892960482512
5597.57601,66.2310166,-203.17410042418214
5610.47976,66.2213374,-203.28916238155813
5623.41325,66.2116361,-203.40411490399524
5636.37656,66.2019127,-203.51895856445122
5649.36975,66.1921672,-203.63369278996836
5662.39289,66.1823997,-203.7483181535045
5675.44605,66.17261,-203.86283408210167
5688.52931,66.1627981,-203.97724057576002
5701.64272,66.1529642,-204.0915376344795
5714.78637,66.1431081,-204.20572583121788
5727.96031,66.1332299,-204.31980459301738
5741.16462,66.1233296,-204.43377391987804
5754.39937,66.1134071,-204.5476338117998
5767.66463,66.1034624,-204.66138426878274
5780.96047,66.0934956,-204.7750258637846
5794.28696,66.0835066,-204.88855745088975
5807.64418,66.0734955,-205.00197960305604
5821.03218,66.0634622,-205.1152923202835
5834.45104,66.0534067,-205.22849560257205
5847.90084,66.043329,-205.34158944992174
5861.38165,66.0332291,-205.45457328937476
5874.89353,66.0231071,-205.56744769388894
5888.43655,66.0129629,-205.68021209050642
5902.0108,66.0027964,-205.79286705218504
5915.61634,65.9926078,-205.9054125789248
5929.25325,65.982397,-206.01784809776788
5942.92159,65.9721639,-206.13017360871433
5956.62144,65.9619087,-206.24238911176406
5970.35287,65.9516312,-206.35449460691717
5984.11595,65.9413316,-206.46649066713135
5997.91076,65.9310097,-206.57837614649117
6011.73737,65.9206657,-206.69015219091204
6025.59586,65.9102994,-206.80181765447844
6039.48629,65.8999109,-206.91337311014823
6053.40875,65.8895002,-207.02481798496353
6067.3633,65.8790673,-207.13615342484
6081.35001,65.8686121,-207.24737771090415
6095.36897,65.8581348,-207.35849198907164
6109.42025,65.8476353,-207.46949625934252
6123.50392,65.8371135,-207.58038937580113
6137.62005,65.8265695,-207.69117248436305
6151.76873,65.8160034,-207.8018450120705
6165.95002,65.805415,-207.9124063859657
6180.164,65.7948044,-208.02285775196427
6194.41075,65.7841716,-208.13319796415058
6208.69034,65.7735166,-208.24342759548242
6223.00285,65.7628394,-208.35354607300198
6237.34835,65.75214,-208.4635539696671
6251.72693,65.7414185,-208.57345071251993
6266.13865,65.7306747,-208.68323687451834
6280.58359,65.7199087,-208.7929113097467
6295.06183,65.7091206,-208.90247459116281
6309.57344,65.6983103,-209.01192729172445
6324.11851,65.6874778,-209.12126826551605
6338.69711,65.6766232,-209.23049808549538
6353.30932,65.6657464,-209.33961617870463
6367.95521,65.6548474,-209.4486231181017
6382.63486,65.6439263,-209.55751833072867
6397.34835,65.632983,-209.66630181658556
6412.09577,65.6220176,-209.7749741486302
6426.87717,65.61103,-209.88353418094707
6441.69266,65.6000203,-209.99198248649384
6456.54229,65.5889885,-210.10031906527055
6471.42616,65.5779346,-210.2085439172772
6486.34434,65.5668585,-210.31665646955605
6501.2969,65.5557604,-210.42465672210702
6516.28394,65.5446401,-210.53254524788798
6531.30553,65.5334978,-210.64032147394104
6546.36174,65.5223334,-210.74798540026626
6561.45266,65.5111469,-210.8555364539059
6576.57837,65.4999383,-210.96297578077545
6591.73895,65.4887077,-211.0703022349593
6606.93448,65.477455,-211.1775158164576
6622.16504,65.4661803,-211.284617098228
6637.4307,65.4548836,-211.3916055073128
6652.73156,65.4435648,-211.49848161666975
6668.06769,65.432224,-211.6052442803832
6683.43918,65.4208613,-211.71189407141108
6698.84609,65.4094765,-211.8184309897533
6714.28853,65.3980698,-211.92485446245206
6729.76656,65.386641,-212.0311650624652
6745.28028,65.3751904,-212.1373622168349
6760.82975,65.3637177,-212.24344592556116
6776.41508,65.3522232,-212.349416188644
6792.03633,65.3407067,-212.4552735790412
6807.69359,65.3291683,-212.56101695083714
6823.38694,65.317608,-212.66664630403187
6839.11647,65.3060258,-212.77216221158318
6854.88226,65.2944217,-212.877564673491
6870.6844,65.2827958,-212.98285311679768
6886.52296,65.271148,-213.08802696854528
6902.39804,65.2594783,-213.19308737464945
6918.30971,65.2477869,-213.29803376215236
6934.25806,65.2360736,-213.40286555809627
6950.24318,65.2243385,-213.50758333543894
6966.26514,65.2125817,-213.61218652122258
6982.32404,65.200803,-213.71667511544723
6998.41996,65.1890026,-213.8210496910706
7014.55298,65.1771805,-213.92530910217718
7030.7232,65.1653366,-214.0294539217247
7046.93069,65.1534711,-214.1334841497132
7063.17554,65.1415838,-214.23739978614276
7079.45784,65.1296749,-214.3412002580554
7095.77768,65.1177442,-214.44488556545127
7112.13514,65.105792,-214.54845628128805
7128.5303,65.0938181,-214.6519112596503
7144.96326,65.0818226,-214.75525107349569
7161.4341,65.0698055,-214.8584757228242
7177.94291,65.0577668,-214.96158520763595
7194.48978,65.0457065,-215.06457895497311
7211.07479,65.0336247,-215.1674569648356
7227.69804,65.0215213,-215.27021923722347
7244.3596,65.0093965,-215.37286577213678
7261.05957,64.9972501,-215.47539714253324
7277.79805,64.9850823,-215.57781220249728
7294.5751,64.972893,-215.6801109520289
7311.39083,64.9606822,-215.78229396408594
7328.24533,64.9484501,-215.88436066571055
7345.13868,64.9361965,-215.98631162986052
7362.07097,64.9239215,-216.0881457106203
7379.0423,64.9116252,-216.18986405390547
7396.05275,64.8993076,-216.29146551380043
7413.10241,64.8869686,-216.3929500903052
7430.19138,64.8746083,-216.49431892933532
7447.31974,64.8622267,-216.59557031201746
7464.48758,64.8498238,-216.69670538426715
7481.69501,64.8373997,-216.7977230001689
7498.94209,64.8249544,-216.8986243056382
7516.22894,64.8124879,-216.99940815475952
7533.55564,64.8000002,-217.1000756934484
7550.92228,64.7874913,-217.2006252028315
7568.32895,64.7749613,-217.3010578288244
7585.77575,64.7624102,-217.4013729984693
7603.26277,64.749838,-217.50157071176613
7620.7901,64.7372447,-217.60165154167285
7638.35784,64.7246303,-217.70161434227373
7655.96607,64.7119949,-217.80145911356882
7673.61489,64.6993385,-217.90118700147372
7691.3044,64.6866612,-218.00079628711498
7709.03469,64.6739628,-218.10028811640828
7726.80585,64.6612436,-218.19966191639577
7744.61798,64.6485034,-218.29891826003526
7762.47117,64.6357423,-218.39805600141116
7780.36551,64.6229604,-218.49707514052346
7798.30111,64.6101576,-218.59597682328774
7816.27805,64.597334,-218.69475990378848
7834.29643,64.5844896,-218.79342438202556
7852.35635,64.5716244,-218.8919708309569
7870.4579,64.5587385,-218.99039810466687
7888.60118,64.5458319,-219.08870734907097
7906.78628,64.5329046,-219.18689799121154
7925.0133,64.5199566,-219.2849694581307
7943.28235,64.5069879,-219.38292232278624
7961.5935,64.4939987,-219.4807560122204
7979.94687,64.4809888,-219.578471099391
7998.34255,64.4679584,-219.67606701134022
8016.78063,64.4549075,-219.77354374806802
8035.26122,64.441836,-219.87090130957444
8053.78441,64.428744,-219.9681396958595
8072.3503,64.4156316,-220.06525890692313
8090.95899,64.4024988,-220.16225836980763
8109.61058,64.3893455,-220.2591386574707
8128.30516,64.3761719,-220.35589976991236
8147.04284,64.3629779,-220.4525405612171
8165.82371,64.3497636,-220.5490621773004
8184.64788,64.336529,-220.64546404520456
8203.51544,64.3232741,-220.74174559197175
8222.4265,64.3099989,-220.8379079635175
8241.38115,64.2967036,-220.9339500139263
8260.3795,64.2833881,-221.02987231615597
8279.42164,64.2700524,-221.12567487020638
8298.50768,64.2566966,-221.22135653016207
8317.63771,64.2433207,-221.31691844193855
8336.81185,64.2299247,-221.41236060553584
8356.03018,64.2165087,-221.5076818750384
8375.29282,64.2030726,-221.60288282340392
8394.59987,64.1896166,-221.69796345063253
8413.95142,64.1761406,-221.79292375672406
8433.34758,64.1626447,-221.88776316872094
8452.78845,64.1491289,-221.9824822595808
8472.27414,64.1355933,-222.07708102930363
8491.80475,64.1220378,-222.17155833197393
8511.38038,64.1084625,-222.26591531350726
8531.00114,64.0948674,-222.3601519739036
8550.66713,64.0812526,-222.45426716724737
8570.37845,64.0676181,-222.54826146649643
8590.13522,64.0539639,-222.64213487165063
8609.93752,64.04029,-222.7358868097523
8629.78548,64.0265966,-222.829518426717
8649.67919,64.0128835,-222.9230285766291
8669.61876,63.9991509,-223.01641725948863
8689.60429,63.9853987,-223.10968504825345
8709.6359,63.9716271,-223.20283136996565
8729.71368,63.957836,-223.2958562246253
8749.83775,63.9440255,-223.3887601851902
8770.00821,63.9301955,-223.4815421057447
8790.22517,63.9163462,-223.57420313220445
8810.48873,63.9024776,-223.6667421186538
8830.799,63.8885897,-223.7591596380506
8851.1561,63.8746825,-223.85145569039483
8871.56012,63.8607561,-223.9436297027287
8892.01118,63.8468104,-224.03568224801
8912.50938,63.8328456,-224.12761332623876
8933.05484,63.8188617,-224.21942236445713
8953.64766,63.8048586,-224.31110936266518
8974.28795,63.7908365,-224.4026743208628
8994.97582,63.7767953,-224.4941178120079
9015.71138,63.7627352,-224.58543926314263
9036.49474,63.7486561,-224.67663810130915
9057.32601,63.734558,-224.76771547242316
9078.2053,63.720441,-224.8586708035268
9099.13273,63.7063052,-224.94950352166228
9120.10839,63.6921505,-225.0402147727452
9141.13241,63.677977,-225.13080341085993
9162.2049,63.6637848,-225.22126943600654
9183.32596,63.6495738,-225.31161399410058
9204.49572,63.6353442,-225.40183593922643
9225.71427,63.6210958,-225.4919352713841
9246.98174,63.6068289,-225.5819125635315
9268.29823,63.5925433,-225.67176724271064
9289.66387,63.5782392,-225.76149930892166
9311.07875,63.5639166,-225.85110933512235
9332.54301,63.5495754,-225.94059617539708
9354.05674,63.5352159,-226.0299609756614
9375.62007,63.5208379,-226.11920316295763
9397.23311,63.5064415,-226.20832273728564
9418.89597,63.4920268,-226.2973202716033
9440.60876,63.4775937,-226.38619461999502
9462.37161,63.4631424,-226.4749463554186
9484.18463,63.4486729,-226.563575477874
9506.04794,63.4341851,-226.65208141440345
9527.96164,63.4196792,-226.74046531092253
9549.92586,63.4051551,-226.82872602151565
9571.94071,63.390613,-226.91686411914063
9594.00632,63.3760528,-227.00487960379746
9616.12278,63.3614746,-227.0927719025283
9638.29024,63.3468783,-227.180541588291
9660.50879,63.3322642,-227.2681886610856
9682.77856,63.3176321,-227.35571254795414
9705.09967,63.3029821,-227.44311382185458
9727.47224,63.2883143,-227.5303919098291
9749.89638,63.2736287,-227.61754681187762
9772.37221,63.2589253,-227.70457967391576
9794.89985,63.2442042,-227.79148877707019
9817.47943,63.2294654,-227.87827526725644
9840.11106,63.214709,-227.96493857151677
9862.79486,63.1999349,-228.05147926280893
9885.53095,63.1851432,-228.13789676817512
9908.31945,63.170334,-228.22419166057315
9931.16048,63.1555073,-228.31036279408744
9954.05417,63.1406632,-228.39641131463358
9977.00064,63.1258015,-228.48233722221153
10000.0,63.1109225,-228.56813937090578
10023.0524,63.0960262,-228.65381890663184
10046.1579,63.0811125,-228.73937582938976
10069.3167,63.0661815,-228.82480899326393
10092.5289,63.0512333,-228.9101195441699
10115.7945,63.0362679,-228.99530690914997
10139.1139,63.0212853,-229.08037108820403
10162.4869,63.0062856,-229.16531265428998
10185.9139,62.9912688,-229.25013046149215
10209.3948,62.976235,-229.33482622868405
10232.9299,62.9611841,-229.41939823699215
10256.5193,62.9461162,-229.50384705937424
10280.163,62.9310314,-229.58817326878824
10303.8612,62.9159297,-229.672376865234
10327.6141,62.9008112,-229.75645670279607
10351.4217,62.8856758,-229.84041392739
10375.2842,62.8705236,-229.92424796605792
10399.2017,62.8553547,-230.0079593917577
10423.1743,62.8401691,-230.09154705857378
10447.2022,62.8249668,-230.17501268537947
10471.2855,62.8097479,-230.25835455330142
10495.4243,62.7945124,-230.34157380825516
10519.6187,62.7792603,-230.42467045024077
10543.869,62.7639917,-230.50764390630044
10568.1751,62.7487066,-230.59049417643413
10592.5373,62.7334051,-230.6732218335997
10616.9556,62.7180872,-230.7558268777971
10641.4302,62.702753,-230.83830873606857
10665.9612,62.6874024,-230.92066740841406
10690.5488,62.6720355,-231.0029040407492
10715.1931,62.6566524,-231.0850169142005
10739.8941,62.6412531,-231.16700774764155
10764.6521,62.6258376,-231.24887596811442
10789.4672,62.610406,-231.33062100266133
10814.3395,62.5949583,-231.41224342424005
10839.2691,62.5794946,-231.49374323285068
10864.2562,62.5640148,-231.57511985553535
10889.3009,62.5485191,-231.6563744382096
10914.4034,62.5330074,-231.73750640791567
10939.5637,62.5174799,-231.81851519169584
10964.782,62.5019365,-231.89940193546565
10990.0584,62.4863773,-231.9801660662673
11015.3931,62.4708023,-232.06080758410076
11040.7862,62.4552116,-232.1413270619239
11066.2378,62.4396052,-232.22172335382106
11091.7482,62.4239831,-232.3019976057078
11117.3173,62.4083454,-232.3821498175843
11142.9453,62.3926922,-232.46217884353482
11168.6325,62.3770234,-232.54208640243272
11194.3788,62.3613391,-232.62187134836245
11220.1845,62.3456394,-232.70153368132407
11246.0497,62.3299242,-232.7810745472331
11271.9746,62.3141936,-232.860492800174
11297.9591,62.2984478,-232.93978901310453
11324.0036,62.2826866,-233.01896318602465
11350.1082,62.2669101,-233.09801474597666
11376.2729,62.2511184,-233.1769448388761
11402.4979,62.2353116,-233.25575289176513
11428.7833,62.2194896,-233.33443947760162
11455.1294,62.2036525,-233.41300345046997
11481.5362,62.1878004,-233.49144595628576
11508.0039,62.1719332,-233.5697664220912
11534.5326,62.156051,-233.64796542084403
11561.1224,62.1401539,-233.72604237958646
11587.7736,62.1242419,-233.8039978712764
11614.4861,62.108315,-233.88183189591373
11641.2603,62.0923733,-233.95954445349847
11668.0962,62.0764168,-234.03713497107293
11694.9939,62.0604456,-234.11460459455256
11721.9537,62.0444596,-234.19195275097962
11748.9755,62.028459,-234.26917944035412
11776.0597,62.0124438,-234.34628466267603
11803.2064,61.996414,-234.4232684179454
11830.4156,61.9803696,-234.50013127912
11857.6875,61.9643107,-234.57687324619985
11885.0223,61.9482374,-234.65349374622707
11912.4201,61.9321496,-234.72999392511738
11939.881,61.9160474,-234.80637263695507
11967.4053,61.8999309,-234.8826298817402
11994.993,61.8838001,-234.9587668053884
12022.6443,61.867655,-235.03478340789957
12050.3594,61.8514956,-235.1106785433582
12078.1384,61.8353221,-235.18645335767985
12105.9813,61.8191344,-235.2621078508645
12133.8885,61.8029326,-235.33764144995436
12161.86,61.7867167,-235.41305415494955
12189.896,61.7704868,-235.48834711176545
12217.9966,61.7542429,-235.5635197474444
12246.162,61.737985,-235.63857148902864
12274.3923,61.7217133,-235.71350348243362
12302.6877,61.7054276,-235.78831515470165
12331.0483,61.6891281,-235.86300707879047
12359.4743,61.6728148,-235.93757868174234
12387.9659,61.6564877,-236.01203053651506
12416.5231,61.640147,-236.08636207015076
12445.1461,61.6237925,-236.16057442856507
12473.8351,61.6074244,-236.23466646584242
12502.5903,61.5910427,-236.30863932789833
12531.4117,61.5746474,-236.38249244177513
12560.2996,61.5582386,-236.45622638043048
12589.2541,61.5418163,-236.52984057090669
12618.2753,61.5253806,-236.60333501320375
12647.3635,61.5089315,-236.67671085323718
12676.5187,61.492469,-236.7499669450914
12705.7411,61.4759931,-236.82310443468205
12735.0308,61.459504,-236.89612274905133
12764.3881,61.4430016,-236.9690218881992
12793.813,61.426486,-237.0418024250835
12823.3058,61.4099573,-237.1144637867464
12852.8666,61.3934154,-237.18700711910353
12882.4955,61.3768604,-237.25943127623924
12912.1927,61.3602923,-237.33173683111133
12941.9584,61.3437112,-237.40392435667766
12971.7927,61.3271172,-237.4759927070226
13001.6958,61.3105102,-237.54794360101957
13031.6678,61.2938903,-237.61977589275293
13061.7089,61.2772575,-237.69149015518045
13091.8192,61.2606119,-237.76308638830218
13121.999,61.2439535,-237.83456459211817
13152.2483,61.2272824,-237.90592476662832
13182.5674,61.2105985,-237.9771674847905
13212.9563,61.193902,-238.0482927466046
13243.4154,61.1771929,-238.11929997911298
13273.9446,61.1604711,-238.19018975527334
13304.5442,61.1437368,-238.26096207508567
13335.2143,61.12699,-238.33161751150786
13365.9552,61.1102307,-238.40215491862418
13396.7669,61.0934589,-238.4725760153081
13427.6496,61.0766748,-238.54287965564404
13458.6035,61.0598782,-238.61306641258983
13489.6288,61.0430694,-238.6831362861453
13520.7256,61.0262483,-238.75308984926843
13551.8941,61.0094149,-238.8229265290014
13583.1345,60.9925692,-238.89264632534406
13614.4468,60.9757115,-238.9622498112543
13645.8314,60.9588415,-239.03173698673223
13677.2883,60.9419595,-239.10110842473543
13708.8177,60.9250654,-239.17036297934854
13740.4198,60.9081593,-239.23950179648693
13772.0947,60.8912412,-239.3085248761508
13803.8426,60.8743111,-239.3774316453822
13835.6638,60.8573691,-239.4462232500968
13867.5583,60.8404153,-239.51489854437895
13899.5263,60.8234496,-239.5834586741443
13931.568,60.8064721,-239.65190363939286
13963.6836,60.7894828,-239.72023286716671
13995.8732,60.7724818,-239.78844693042387
14028.137,60.7554691,-239.85654640212192
14060.4752,60.7384448,-239.92453013634534
14092.888,60.7214089,-239.9923992790098
14125.3754,60.7043613,-240.06015383011518
14157.9378,60.6873023,-240.12779321670374
14190.5752,60.6702317,-240.1953185846911
14223.2879,60.6531496,-240.26272936111945
14256.0759,60.6360562,-240.33002554598872
14288.9396,60.6189513,-240.3972077122568
14321.879,60.601835,-240.46427585992362
14354.8943,60.5847075,-240.5312294160314
14387.9858,60.5675686,-240.59806952649583
14421.1535,60.5504186,-240.66479619131675
14454.3977,60.5332573,-240.73140883753643
14487.7185,60.5160848,-240.79790803811272
14521.1162,60.4989012,-240.86429322008777
14554.5908,60.4817064,-240.93056610233495
14588.1426,60.4645006,-240.99672496598092
14621.7717,60.4472838,-241.06277095694125
14655.4784,60.430056,-241.12870407521592
14689.2628,60.4128172,-241.194524320805
14723.125,60.3955675,-241.2602316937084
14757.0653,60.3783069,-241.3258267668839
14791.0839,60.3610355,-241.39130896737376
14825.1809,60.3437532,-241.45667944109363
14859.3564,60.3264602,-241.52193704212786
14893.6108,60.3091564,-241.5870829163921
14927.9441,60.2918419,-241.65211649092836
14962.3566,60.2745168,-241.71703833869464
14996.8484,60.2571809,-241.7818478867331
15031.4197,60.2398345,-241.84654628095925
15066.0707,60.2224776,-241.91113352137316
15100.8015,60.2051101,-241.97560903501707
15135.6125,60.1877321,-242.03997282189084
15170.5037,60.1703436,-242.10422602791024
15205.4753,60.1529447,-242.16836808011732
15240.5275,60.1355354,-242.23239955146997
15275.6606,60.1181158,-242.29631986901038
15310.8746,60.1006858,-242.36012960569624
15346.1698,60.0832455,-242.42382876152774
15381.5464,60.065795,-242.48741790946255
15417.0045,60.0483343,-242.55089647654287
15452.5444,60.0308634,-242.61426503572656
15488.1662,60.0133823,-242.67752358701352
15523.8701,59.9958912,-242.74067213040388
15559.6563,59.9783899,-242.80371123885539
15595.525,59.9608786,-242.86664033941017
15631.4764,59.9433573,-242.92946057798395
15667.5107,59.925826,-242.992170808661
15703.628,59.9082848,-243.05477217735697
15739.8286,59.8907336,-243.1172646840719
15776.1127,59.8731726,-243.17964775584798
15812.4804,59.8556017,-243.24192253860068
15848.9319,59.8380211,-243.3040884593724
15885.4675,59.8204306,-243.3661460911208
15922.0873,59.8028304,-243.42809486088814
15958.7915,59.7852205,-243.48993591459
15995.5803,59.767601,-243.55166810631079
16032.4539,59.7499717,-243.61329315492387
16069.4125,59.7323329,-243.6748099145137
16106.4564,59.7146845,-243.736218958038
16143.5856,59.6970266,-243.79752028549686
16180.8004,59.6793592,-243.85871446984805
16218.101,59.6616822,-243.9198009381337
16255.4876,59.6439959,-243.98078083626947
16292.9603,59.6263001,-244.04165359129757
16330.5195,59.608595,-244.1024192032179
16368.1652,59.5908805,-244.16307824498847
16405.8977,59.5731567,-244.22363071660902
16443.7172,59.5554236,-244.28407661807978
16481.6239,59.5376813,-244.34441594940063
16519.618,59.5199298,-244.40464985648708
16557.6996,59.5021691,-244.46477719342374
16595.8691,59.4843992,-244.52479853316825
16634.1265,59.4666202,-244.58471444867848
16672.4721,59.4488322,-244.64452436699656
16710.9061,59.4310351,-244.70422943403818
16749.4288,59.4132289,-244.7638285038877
16788.0402,59.3954138,-244.8233227224607
16826.7406,59.3775897,-244.88271208975715
16865.5303,59.3597567,-244.94199660577718
16904.4093,59.3419148,-245.0011762705206
16943.378,59.3240641,-245.0602510839876
16982.4365,59.3062045,-245.1192216191358
17021.5851,59.2883361,-245.1780878759654
17060.8239,59.270459,-245.23684985447616
17100.1532,59.2525731,-245.2955081276261
17139.5731,59.2346785,-245.35406269541508
17179.0839,59.2167752,-245.41251298488532
17218.6857,59.1988633,-245.47086014195247
17258.3789,59.1809428,-245.5291035936587
17298.1636,59.1630137,-245.58724391296184
17338.04,59.1450761,-245.6452810998618
17378.0083,59.1271299,-245.70321515435867
17418.0687,59.1091753,-245.76104664941025
17458.2215,59.0912122,-245.8187755850164
17498.4669,59.0732406,-245.87640196117727
17538.805,59.0552607,-245.93392577789282
17579.2361,59.0372724,-245.9913476081208
17619.7605,59.0192758,-246.04866687890353
17660.3782,59.0012709,-246.10588473615647
17701.0896,58.9832577,-246.16300060692186
17741.8948,58.9652362,-246.2200150641575
17782.7941,58.9472065,-246.27692810786345
17823.7877,58.9291687,-246.33373916508185
17864.8757,58.9111227,-246.39044995468615
17906.0585,58.8930686,-246.44705933076062
17947.3363,58.8750063,-246.5035678662632
17988.7092,58.856936,-246.55997556119382
18030.1774,58.8388577,-246.61628298851033
18071.7413,58.8207714,-246.6724901482127
18113.4009,58.802677,-246.72859704030083
18155.1566,58.7845748,-246.78460366477486
18197.0086,58.7664646,-246.8405105945926
18238.957,58.7483465,-246.89631725679612
18281.0022,58.7302206,-246.95202479730105
18323.1442,58.7120868,-247.00763264314975
18365.3834,58.6939452,-247.0631413672998
18407.72,58.6757959,-247.11855096975128
18450.1542,58.6576388,-247.17386145050426
18492.6862,58.639474,-247.22907338251642
18535.3162,58.6213015,-247.2841867657879
18578.0446,58.6031213,-247.33920102736076
18620.8714,58.5849336,-247.39411731315064
18663.7969,58.5667382,-247.44893562315758
18706.8214,58.5485352,-247.50365538442378
18749.9451,58.5303247,-247.55827774286476
18793.1682,58.5121066,-247.6128021255228
18836.4909,58.4938811,-247.6672285323979
18879.9135,58.4756481,-247.72155810940555
18923.4362,58.4574077,-247.77579028358807
18967.0592,58.4391599,-247.8299256279032
19010.7828,58.4209047,-247.88396356939313
19054.6072,58.4026421,-247.93790525397353
19098.5326,58.3843722,-247.99175010868657
19142.5593,58.366095,-248.0454981335322
19186.6874,58.3478106,-248.0991504744261
19230.9173,58.3295189,-248.15270655841027
19275.2491,58.3112199,-248.206166385485
19319.6832,58.2929138,-248.25953052860788
19364.2196,58.2746006,-248.31279898777902
19408.8588,58.2562802,-248.36597233595612
19453.6008,58.2379527,-248.41905000018144
19498.446,58.2196181,-248.47203255341282
19543.3946,58.2012764,-248.5249205686079
19588.4467,58.1829278,-248.5777128998513
19633.6028,58.1645721,-248.6304112660162
19678.8629,58.1462094,-248.68301509414496
19724.2274,58.1278399,-248.73552438423752
19769.6964,58.1094633,-248.78793913629391
19815.2703,58.0910799,-248.84026049622963
19860.9492,58.0726897,-248.89248731812924
19906.7334,58.0542925,-248.94462074790817
19952.6231,58.0358886,-248.99666078556655
19998.6187,58.0174779,-249.0486074311043
20044.7203,57.9990604,-249.10046125747922
20090.9281,57.9806361,-249.15222169173353
20137.2425,57.9622052,-249.20388873386722
20183.6636,57.9437675,-249.25546352979595
20230.1918,57.9253232,-249.3069460795196
20276.8272,57.9068723,-249.35833581008046
20323.5701,57.8884148,-249.4096332944364
20370.4208,57.8699506,-249.46083910554498
20417.3794,57.8514799,-249.5119526704486
20464.4464,57.8330027,-249.562974562105
20511.6218,57.8145189,-249.61390535347195
20558.906,57.7960287,-249.66474447159177
20606.2991,57.777532,-249.71549191646426
20653.8016,57.7590289,-249.76614883400515
20701.4135,57.7405193,-249.81671465125666
20749.1352,57.7220034,-249.8671899411765
20796.9669,57.7034811,-249.9175741308069
20844.9088,57.6849525,-249.9678683660635
20892.9613,57.6664175,-250.01807207398844
20941.1246,57.6478763,-250.06818582753954
20989.3988,57.6293288,-250.11821019967462
21037.7844,57.6107751,-250.1681440444781
21086.2815,57.5922151,-250.21798908082332
21134.8904,57.573649,-250.26774416279468
21183.6114,57.5550767,-250.31740986334998
21232.4446,57.5364982,-250.36698675544707
21281.3905,57.5179136,-250.4164748390859
21330.4491,57.4993229,-250.46587411426646
21379.6209,57.4807262,-250.51518515394665
21428.906,57.4621234,-250.5644073851685
21478.3047,57.4435145,-250.61354138088996
21527.8173,57.4248997,-250.66258714111095
21577.4441,57.4062789,-250.71154523878928
21627.1852,57.3876521,-250.760415673925
21677.041,57.3690194,-250.809198446518
21727.0118,57.3503808,-250.8578941295262
21777.0977,57.3317363,-250.9065021499917
21827.2991,57.313086,-250.95502308087234
21877.6162,57.2944297,-251.00345749512593
21928.0494,57.2757677,-251.05180481979465
21978.5987,57.2570999,-251.10006562783636
22029.2646,57.2384263,-251.1482399192509
22080.0473,57.219747,-251.19632826699623
22130.9471,57.2010619,-251.24433067107233
22181.9642,57.1823711,-251.2922471314791
22233.0989,57.1636747,-251.3400776482166
22284.3515,57.1449725,-251.3878227942427
22335.7222,57.1262648,-251.43548256955728
22387.2114,57.1075514,-251.48305697416035
22438.8192,57.0888324,-251.53054658100973
22490.5461,57.0701079,-251.57795081714772
22542.3921,57.0513778,-251.62527082848973
22594.3577,57.0326422,-251.67250604207814
22646.4431,57.0139011,-251.71965703087062
22698.6485,56.9951544,-251.76672379486723
22750.9743,56.9764024,-251.81370633406797
22803.4207,56.9576448,-251.86060522143063
22855.988,56.9388819,-251.90742045695515
22908.6765,56.9201136,-251.95415204064162
22961.4865,56.9013398,-252.00079997248997
23014.4182,56.8825608,-252.04736539841588
23067.4719,56.8637764,-252.09384717250364
23120.6479,56.8449866,-252.14024644066896
23173.9465,56.8261916,-252.1865626299539
23227.368,56.8073913,-252.23279688627423
23280.9126,56.7885858,-252.27894863667206
23334.5806,56.769775,-252.3250178811473
23388.3724,56.750959,-252.37100519265786
23442.2882,56.7321379,-252.41691057120377
23496.3282,56.7133115,-252.46273458974272
23550.4928,56.69448,-252.5084772482748
23604.7823,56.6756434,-252.55413797384213
23659.197,56.6568017,-252.5997179123604
23713.7371,56.6379549,-252.64521706382953
23768.4029,56.619103,-252.69063542824958
23823.1947,56.6002461,-252.73597243266266
23878.1128,56.5813841,-252.78122979594227
23933.1576,56.5625172,-252.8264063721727
23988.3292,56.5436452,-252.8715027343119
24043.628,56.5247683,-252.9165194553175
24099.0543,56.5058864,-252.96145596223187
24154.6083,56.4869996,-253.00631282801263
24210.2905,56.4681079,-253.05109062561775
24266.101,56.4492114,-253.09578878208924
24322.0401,56.4303099,-253.14040787038502
24378.1082,56.4114036,-253.1849478905051
24434.3055,56.3924925,-253.22940941540725
24490.6324,56.3735765,-253.27379244509152
24547.0892,56.3546558,-253.3180964066
24603.676,56.3357303,-253.36232244584835
24660.3934,56.3168,-253.40647056283655
24717.2415,56.297865,-253.45054018460684
24774.2206,56.2789253,-253.4945324570748
24831.3311,56.2599809,-253.53844738024043
24888.5732,56.2410318,-253.58228438114585
24945.9473,56.2220781,-253.62604403274898
25003.4536,56.2031197,-253.66972690800753
25061.0925,56.1841567,-253.71333243396373
25118.8643,56.1651891,-253.7568617565332
25176.7693,56.1462169,-253.80031430275812
25234.8077,56.1272402,-253.84369007263854
25292.98,56.1082589,-253.88698963913217
25351.2863,56.089273,-253.93021357519686
25409.7271,56.0702827,-253.97336130787477
25468.3025,56.0512878,-254.0164334101237
25527.013,56.0322885,-254.05942930898593
25585.8589,56.0132848,-254.10235072333478
25644.8404,55.9942766,-254.14519593429682
25703.9578,55.9752639,-254.1879666607456
25763.2116,55.9562469,-254.23066232972312
25822.6019,55.9372255,-254.27328351418728
25882.1292,55.9181997,-254.31583021413815
25941.7936,55.8991696,-254.35830185661783
26001.5956,55.8801351,-254.40069958754185
26061.5355,55.8610963,-254.4430234069104
26121.6135,55.8420532,-254.48527331472334
26181.8301,55.8230059,-254.52744931098076
26242.1854,55.8039542,-254.56955196864035
26302.6799,55.7848984,-254.61158071474435
26363.3139,55.7658383,-254.65353669520843
26424.0876,55.7467739,-254.6954193370747
26485.0014,55.7277054,-254.73722978625878
26546.0556,55.7086328,-254.77896689684505
26607.2506,55.6895559,-254.82063124179138
26668.5866,55.6704749,-254.86222339405555
26730.0641,55.6513898,-254.90374392659527
26791.6832,55.6323006,-254.94519169349502
26853.4445,55.6132072,-254.98656784067043
26915.348,55.5941098,-255.0278723681214
26977.3943,55.5750084,-255.069105275848
27039.5836,55.5559029,-255.11026656385016
27101.9163,55.5367933,-255.15135680508575
27164.3927,55.5176798,-255.19237599955477
27227.0131,55.4985623,-255.2333241472572
27289.7778,55.4794407,-255.27420182115077
27352.6873,55.4603152,-255.3150090212356
27415.7417,55.4411858,-255.3557457475116
27478.9415,55.4220525,-255.3964119999788
27542.287,55.4029152,-255.43700835159504
27605.7786,55.383774,-255.47753480236022
27669.4165,55.3646289,-255.51799192523222
27733.201,55.34548,-255.5583791472532
27797.1327,55.3263272,-255.59869704138094
27861.2117,55.3071706,-255.63894560761545
27925.4384,55.2880102,-255.67912541891462
27989.8132,55.2688459,-255.71923647527834
28054.3364,55.2496779,-255.75927820374892
28119.0083,55.2305061,-255.79925175024175
28183.8293,55.2113305,-255.83915711475703
28248.7997,55.1921512,-255.8789942972947
28313.92,55.1729681,-255.9187632978547
28379.1903,55.1537814,-255.95846411643709
28444.6111,55.1345909,-255.9980973259997
28510.1827,55.1153968,-256.0376629265425
28575.9054,55.096199,-256.07716149102316
28641.7797,55.0769975,-256.11659301944184
28707.8058,55.0577924,-256.15595693884075
28773.9841,55.0385837,-256.19525439513535
28840.315,55.0193713,-256.23448481536803
28906.7988,55.0001554,-256.27364877249636
28973.4359,54.9809359,-256.3127462665205
29040.2265,54.9617128,-256.3517778703982
29107.1712,54.9424862,-256.3907430111717
29174.2701,54.923256,-256.4296422617987
29241.5238,54.9040224,-256.4684761952371
29308.9325,54.8847852,-256.50724423852904
29376.4965,54.8655445,-256.54594696463226
29444.2163,54.8463003,-256.584584373547
29512.0923,54.8270527,-256.6231570382307
29580.1247,54.8078016,-256.6616643857259
29648.3139,54.7885471,-256.70010698899017
29716.6603,54.7692891,-256.7384854209815
29785.1643,54.7500278,-256.77679910874184
29853.8262,54.730763,-256.81504862522917
29922.6464,54.7114949,-256.85323454340124
29991.6252,54.6922234,-256.8913557173425
30060.763,54.6729485,-256.9294138659263
30130.0602,54.6536703,-256.967407843237
30199.5172,54.6343888,-257.00533879519026
30269.1343,54.615104,-257.04320614882823
30338.9118,54.5958159,-257.08101047710875
30408.8503,54.5765244,-257.1187523529896
30478.9499,54.5572297,-257.15643063055523
30549.2111,54.5379318,-257.19404702867894
30619.6343,54.5186306,-257.231600974403
30690.2199,54.4993261,-257.2690918947696
30760.9681,54.4800185,-257.3065215086521
30831.8795,54.4607076,-257.3438886701349
30902.9543,54.4413936,-257.3811939521759
30974.193,54.4220763,-257.4184379277328
31045.5959,54.4027559,-257.4556205968056
31117.1634,54.3834324,-257.49274138643653
31188.8958,54.3641057,-257.52980144254116
31260.7937,54.3447758,-257.5668007651195
31332.8572,54.3254429,-257.6037387812139
31405.0869,54.3061068,-257.64061606378186
31477.4831,54.2867677,-257.6774331857814
31550.0462,54.2674254,-257.7141901472124
31622.7766,54.2480802,-257.75088637511715
31695.6746,54.2287318,-257.7875230154112
31768.7407,54.2093804,-257.82409949513675
31841.9752,54.190026,-257.86061638725164
31915.3786,54.1706686,-257.89707369175585
31988.9511,54.1513081,-257.93347198160706
32062.6932,54.1319447,-257.96981068384764
32136.6054,54.1125783,-258.00609037143533
32210.6879,54.0932089,-258.0423116173279
32284.9412,54.0738365,-258.07847384856757
32359.3657,54.0544613,-258.1145770651544
32433.9617,54.035083,-258.1506224130039
32508.7297,54.0157019,-258.1866093191582
32583.6701,53.9963178,-258.2225383565753
32658.7832,53.9769309,-258.258409525255
32734.0695,53.9575411,-258.2942222522397
32809.5293,53.9381484,-258.3299782564026
32885.1631,53.9187528,-258.36567639182823
32960.9712,53.8993544,-258.40131723147437
33036.9541,53.8799531,-258.436900775341
33113.1121,53.860549,-258.4724275963859
33189.4458,53.8411421,-258.507897694609
33265.9553,53.8217324,-258.5433110700105
33342.6413,53.8023199,-258.57866772259024
33419.504,53.7829047,-258.613968225306
33496.5439,53.7634866,-258.64921257815786
33573.7614,53.7440658,-258.6844013541036
33651.1569,53.7246422,-258.7195339801855
33728.7309,53.7052159,-258.7546104564034
33806.4836,53.6857869,-258.7896319286729
33884.4156,53.6663552,-258.8245978240364
33962.5273,53.6469207,-258.8595081424937
34040.819,53.6274836,-258.8943640299605
34119.2912,53.6080438,-258.9291649134789
34197.9443,53.5886013,-258.9639107930491
34276.7787,53.5691561,-258.99860224162865
34355.7948,53.5497083,-259.0332392592177
34434.9931,53.5302579,-259.0678218458162
34514.3739,53.5108048,-259.10235057438194
34593.9378,53.4913491,-259.1368248719572
34673.685,53.4718908,-259.17124588445745
34753.6161,53.4524299,-259.20561303892504
34833.7315,53.4329664,-259.2399269083176
34914.0315,53.4135004,-259.27418691967745
34994.5167,53.3940318,-259.3083942189201
35075.1874,53.3745606,-259.3425482330879
35156.0441,53.3550868,-259.3766495351385
35237.0871,53.3356106,-259.410698125072
35318.317,53.3161318,-259.44469457584603
35399.7341,53.2966505,-259.4786377415452
35481.3389,53.2771667,-259.5125293410427
35563.1319,53.2576804,-259.546368801381
35645.1133,53.2381916,-259.58015612255986
35727.2838,53.2187003,-259.6138918775372
35809.6437,53.1992066,-259.64757606631287
35892.1935,53.1797104,-259.68120868888707
35974.9335,53.1602118,-259.7147897452597
36057.8643,53.1407107,-259.74831980838854
36140.9863,53.1212072,-259.7817988782736
36224.2998,53.1017013,-259.81522752787276
36307.8055,53.082193,-259.84860518422806
36391.5036,53.0626823,-259.8819318473397
36475.3947,53.0431692,-259.91520866312305
36559.4792,53.0236537,-259.9484350586205
36643.7575,53.0041358,-259.9816116067897
36728.23,52.9846156,-260.0147383076308
36812.8974,52.9650931,-260.04781516114366
36897.7599,52.9455682,-260.08084216732846
36982.818,52.9260409,-260.1138198991428
37068.0722,52.9065114,-260.1467483565868
37153.5229,52.8869795,-260.1796275396603
37239.1706,52.8674453,-260.2124574483635
37325.0158,52.8479089,-260.2452392286119
37411.0588,52.8283701,-260.27797173448994
37497.3002,52.8088291,-260.3106561119132
37583.7404,52.7892858,-260.3432917879238
37670.3799,52.7697402,-260.3758793354797
37757.2191,52.7501924,-260.4084187545808
37844.2585,52.7306424,-260.4409106181849
37931.4985,52.7110901,-260.4733543533341
38018.9396,52.6915356,-260.50575053298644
38106.5823,52.6719789,-260.53809915714174
38194.4271,52.65242,-260.5704007987578
38282.4743,52.6328588,-260.60265488487687
38370.7245,52.6132955,-260.6348619884568
38459.1782,52.59373,-260.6670226824553
38547.8358,52.5741624,-260.6991363939146
38636.6977,52.5545926,-260.7312031228347
38725.7645,52.5350206,-260.76322401513113
38815.0366,52.5154465,-260.79519849784623
38904.5145,52.4958702,-260.8271265709799
38994.1987,52.4762918,-260.8590093804478
39084.0896,52.4567113,-260.89084578033413
39174.1877,52.4371287,-260.9226369165548
39264.4935,52.4175439,-260.95438221615177
39355.0075,52.3979571,-260.986082252083
39445.7302,52.3783682,-261.01773702434843
39536.662,52.3587772,-261.0493471059058
39627.8034,52.3391841,-261.0809119237974
39719.1549,52.319589,-261.1124320509809
39810.7171,52.2999918,-261.1439074874564
39902.4902,52.2803926,-261.1753388061816
39994.475,52.2607913,-261.2067254341989
40086.6718,52.241188,-261.23806851742376
40179.0811,52.2215827,-261.2693669099406
40271.7034,52.2019753,-261.300621757665
40364.5393,52.182366,-261.3318330605969
40457.5892,52.1627546,-261.3630002457786
40550.8535,52.1431413,-261.39412445912575
40644.3329,52.1235259,-261.4252057006382
40738.0278,52.1039086,-261.45624339735826
40831.9386,52.0842893,-261.4872381222436
40926.066,52.0646681,-261.5181898752944
41020.4103,52.0450449,-261.5490992294683
41114.9721,52.0254197,-261.5799661847654
41209.7519,52.0057926,-261.61079074118567
41304.7502,51.9861636,-261.64157289872907
41399.9675,51.9665326,-261.6723126573956
41495.4043,51.9468998,-261.70301116310094
41591.061,51.927265,-261.73366726992947
41686.9383,51.9076283,-261.76428212379665
41783.0367,51.8879897,-261.79485572470264
41879.3565,51.8683492,-261.8253874996895
41975.8984,51.8487069,-261.8558780217152
42072.6628,51.8290626,-261.88632786373745
42169.6503,51.8094165,-261.91673645279843
42266.8614,51.7897686,-261.94710493481375
42364.2966,51.7701188,-261.9774321638678
42461.9564,51.7504671,-262.00771928587625
42559.8413,51.7308136,-262.0379657278812
42657.9519,51.7111583,-262.06817206284046
42756.2886,51.6915011,-262.0983388637119
42854.852,51.6718421,-262.12846498457986
42953.6427,51.6521813,-262.1585521443178
43052.661,51.6325187,-262.1885991970101
43151.9077,51.6128543,-262.21860728857223
43251.3831,51.5931881,-262.24857527308876
43351.0878,51.5735201,-262.27850486943305
43451.0224,51.5538504,-262.3083955046472
43551.1874,51.5341788,-262.33824660577346
43651.5832,51.5145055,-262.36805931872755
43752.2105,51.4948305,-262.3978336435093
43853.0698,51.4751536,-262.4275695801188
43954.1615,51.4554751,-262.45726712855605
44055.4864,51.4357948,-262.48692628882094
44157.0447,51.4161127,-262.5165476338714
44258.8372,51.396429,-262.5461311637074
44360.8644,51.3767435,-262.575676878329
44463.1267,51.3570563,-262.605184777736
44565.6248,51.3373674,-262.6346554348863
44668.3592,51.3176768,-262.6640894227378
44771.3304,51.2979844,-262.69348559537474
44874.539,51.2782904,-262.7228450987129
44977.9855,51.2585948,-262.75216735979427
45081.6705,51.2388974,-262.7814535245346
45185.5944,51.2191984,-262.81070244701823
45289.758,51.1994977,-262.8399152731608
45394.1617,51.1797953,-262.8690920029622
45498.806,51.1600913,-262.8982326364225
45603.6916,51.1403856,-262.92733660058406
45708.819,51.1206783,-262.95640561432
45814.1887,51.1009694,-262.98543853171486
45919.8013,51.0812588,-263.01443535276866
46025.6574,51.0615466,-263.04339722339694
46131.7575,51.0418328,-263.07232414359964
46238.1021,51.0221173,-263.10121554041916
46344.692,51.0024003,-263.1300719868131
46451.5275,50.9826816,-263.1588934827816
46558.6094,50.9629614,-263.18768060128235
46665.938,50.9432396,-263.2164327693576
46773.5141,50.9235162,-263.24515055996517
46881.3382,50.9037912,-263.2738345460628
46989.4109,50.8840646,-263.3024835817349
47097.7326,50.8643365,-263.3310993858549
47206.3041,50.8446068,-263.35968081250724
47315.1259,50.8248755,-263.38822843464965
47424.1985,50.8051427,-263.4167428252399
47533.5226,50.7854083,-263.4452234113202
47643.0987,50.7656724,-263.4736713388063
47752.9274,50.745935,-263.5020854617824
47863.0092,50.726196,-263.53046692616425
47973.3449,50.7064555,-263.5588151589939
48083.9348,50.6867135,-263.5871307332293
48194.7798,50.66697,-263.61541422182813
48305.8802,50.647225,-263.6436644788748
48417.2368,50.6274784,-263.671882650285
48528.85,50.6077304,-263.7000687360587
48640.7206,50.5879808,-263.72822273619585
48752.849,50.5682298,-263.75634522365425
48865.2359,50.5484773,-263.78443562547614
48977.8819,50.5287233,-263.81249394166144
49090.7876,50.5089678,-263.84052131812587
49203.9536,50.4892109,-263.8685171819116
49317.3804,50.4694525,-263.89648210597636
49431.0687,50.4496927,-263.9244155173624
49545.0191,50.4299313,-263.95231798902745
49659.2321,50.4101686,-263.9801900939293
49773.7085,50.3904044,-264.00803125911034
49888.4487,50.3706387,-264.0358420575282
50003.4535,50.3508716,-264.0636219162251
50118.7234,50.3311031,-264.0913719811167
50234.259,50.3113331,-264.1190922522029
50350.0609,50.2915618,-264.146782156526
50466.1298,50.271789,-264.1744422670438
50582.4662,50.2520148,-264.2020725837561
50699.0708,50.2322392,-264.2296731066632
50815.9443,50.2124622,-264.25724498168046
50933.0871,50.1926837,-264.2847870628924
51050.5,50.1729039,-264.3122999232568
51168.1836,50.1531227,-264.3397841357314
51286.1384,50.1333402,-264.36723912735846
51404.3652,50.1135562,-264.3946654710958
51522.8645,50.0937708,-264.42206316694336
51641.6369,50.0739841,-264.44943221490115
51760.6832,50.054196,-264.47677318792705
51880.0039,50.0344066,-264.5040860860209
51999.5997,50.0146158,-264.53137090918284
52119.4711,49.9948236,-264.5586276574128
52239.6189,49.9750301,-264.58585690366857
52360.0437,49.9552352,-264.61305807499247
52480.746,49.935439,-264.64023174434215
52601.7266,49.9156415,-264.6673784846754
52722.9861,49.8958426,-264.69449772303454
52844.5252,49.8760424,-264.72159003237726
52966.3444,49.8562409,-264.7486548397459
53088.4444,49.836438,-264.7756932910559
53210.8259,49.8166338,-264.8027053863073
53333.4895,49.7968283,-264.8296899795846
53456.4359,49.7770215,-264.8566487897611
53579.6658,49.7572134,-264.883581243879
53703.1796,49.737404,-264.9104873419384
53826.9783,49.7175933,-264.937367656897
53951.0623,49.6977813,-264.9642221887547
54075.4323,49.677968,-264.9910503645539
54200.089,49.6581534,-265.01785333021013
54325.0331,49.6383375,-265.0446310857234
54450.2653,49.6185203,-265.07138305813584
54575.7861,49.5987019,-265.09810982040534
54701.5963,49.5788822,-265.12481194548957
54827.6965,49.5590612,-265.1514882874731
54954.0874,49.539239,-265.1781405652292
55080.7696,49.5194155,-265.2047682058001
55207.7439,49.4995907,-265.231370636228
55335.0109,49.4797647,-265.2579490024286
55462.5713,49.4599374,-265.2845033044017
55590.4257,49.4401089,-265.3110335421474
55718.5749,49.4202792,-265.33753914270795
55847.0195,49.4004482,-265.3640212519989
55975.7601,49.3806159,-265.3904798700203
56104.7976,49.3607825,-265.4169144238142
56234.1325,49.3409478,-265.44332548633855
56363.7656,49.3211118,-265.4697136305511
56493.6975,49.3012747,-265.49607828349406
56623.9289,49.2814363,-265.52242001812516
56754.4605,49.2615967,-265.54873883444446
56885.2931,49.2417559,-265.5750347324521
57016.4272,49.2219139,-265.6013077121478
57147.8637,49.2020707,-265.6275583464895
57279.6031,49.1822262,-265.65378663547716
57411.6462,49.1623806,-265.6799925791109
57543.9937,49.1425338,-265.7061761773906
57676.6463,49.1226858,-265.73233800327404
57809.6047,49.1028365,-265.7584780567613
57942.8696,49.0829861,-265.78459633785235
58076.4418,49.0631345,-265.81069284654717
58210.3218,49.0432818,-265.83676758284577
58344.5104,49.0234278,-265.8628211197059
58479.0084,49.0035727,-265.8888534571277
58613.8165,48.9837164,-265.9148651680689
58748.9353,48.9638589,-265.9408551066138
58884.3655,48.9440003,-265.9668249916359
59020.108,48.9241405,-265.9927736772196
59156.1634,48.9042795,-266.0187017363226
59292.5325,48.8844174,-266.0446097419029
59429.2159,48.8645541,-266.07049712100246
59566.2144,48.8446896,-266.0963644465792
59703.5287,48.8248241,-266.1222117186332
59841.1595,48.8049573,-266.1480395101221
59979.1076,48.7850894,-266.1738466751304
60117.3737,48.7652204,-266.1996349325314
60255.9586,48.7453502,-266.2254031364096
60394.8629,48.7254789,-266.25115243268056
60534.0875,48.7056065,-266.2768822483865
60673.633,48.6857329,-266.3025925835274
60813.5001,48.6658582,-266.3282840110611
60953.6897,48.6459824,-266.35395710394533
61094.2025,48.6261054,-266.37961128922234
61235.0392,48.6062273,-266.40524656689206
61376.2005,48.5863481,-266.4308635099124
61517.6873,48.5664678,-266.45646211828324
61659.5002,48.5465864,-266.48204239200464
61801.64,48.5267039,-266.50760433107655
61944.1075,48.5068202,-266.5331490814147
62086.9034,48.4869355,-266.55867549710337
62230.0285,48.4670496,-266.5841841511004
62373.4835,48.4471626,-266.60967504340573
62517.2693,48.4272745,-266.6351493199351
62661.3865,48.4073854,-266.66060526181496
62805.8359,48.3874951,-266.68604458791873
62950.6183,48.3676038,-266.7114667252887
63095.7344,48.3477113,-266.73687224688257
63241.1851,48.3278178,-266.76226057974264
63386.9711,48.3079232,-266.7876328697844
63533.0932,48.2880274,-266.8129879710923
63679.5521,48.2681306,-266.83832702958205
63826.3486,48.2482328,-266.8636494722956
63973.4835,48.2283338,-266.88895587219093
64120.9577,48.2084338,-266.914246229268
64268.7717,48.1885327,-266.9395205435268
64416.9266,48.1686305,-266.96477938792515
64565.4229,48.1487273,-266.99002276246307
64714.2616,48.1288229,-267.01525009418265
64863.4434,48.1089176,-267.0404625289996
65012.969,48.0890111,-267.06565949395605
65162.8394,48.0691036,-267.0908415620098
65313.0553,48.049195,-267.1160081602032
65463.6174,48.0292854,-267.14116043445165
65614.5266,48.0093747,-267.16629781179745
65765.7837,47.989463,-267.19142029224054
65917.3895,47.9695502,-267.2165284487387
66069.3448,47.9496363,-267.24162228129205
66221.6504,47.9297214,-267.26670178990054
66374.307,47.9098055,-267.2917675475219
66527.3156,47.8898885,-267.3168189811984
66680.6769,47.8699704,-267.3418566638878
66834.3918,47.8500513,-267.36688059559015
66988.4609,47.8301312,-267.39189134926323
67142.8853,47.8102101,-267.4168883519492
67297.6656,47.7902879,-267.44187160364805
67452.8028,47.7703646,-267.4668422502755
67608.2975,47.7504403,-267.49179971887355
67764.1508,47.730515,-267.5167440094424
67920.3633,47.7105887,-267.5416756949397
68076.9359,47.6906613,-267.56659420240777
68233.8694,47.6707329,-267.59150067776204
68391.1647,47.6508035,-267.6163945480449
68548.8226,47.630873,-267.6412763862141
68706.844,47.6109416,-267.66614561931175
68865.2296,47.591009,-267.6910028202957
69023.9804,47.5710755,-267.7158485621237
69183.0971,47.551141,-267.74068227183807
69342.5806,47.5312054,-267.76550394943877
69502.4318,47.5112688,-267.79031416788354
69662.6514,47.4913312,-267.8151135001302
69823.2404,47.4713926,-267.83990080026314
69984.1996,47.451453,-267.86467721419797
70145.5298,47.4315123,-267.88944274193466
70307.232,47.4115707,-267.9141973834733
70469.3069,47.391628,-267.93894113881385
70631.7554,47.3716843,-267.96367400795623
70794.5784,47.3517397,-267.9883965638583
70957.7768,47.331794,-268.0131088065201
71121.3514,47.3118473,-268.0378107359416
71285.303,47.2918996,-268.06250235212275
71449.6326,47.2719509,-268.0871842280214
71614.341,47.2520012,-268.1118557906797
71779.4291,47.2320505,-268.1365176130556
71944.8978,47.2120988,-268.1611702681067
72110.7479,47.192146,-268.1858131828753
72276.9804,47.1721923,-268.21044635736126
72443.596,47.1522376,-268.2350703645226
72610.5957,47.1322819,-268.25968577731703
72777.9805,47.1123252,-268.28429144982897
72945.751,47.0923675,-268.3088885279739
73113.9083,47.0724088,-268.33347701175194
73282.4533,47.0524492,-268.35805632820524
73451.3868,47.0324885,-268.3826276232494
73620.7097,47.0125268,-268.4071903239267
73790.423,46.9925642,-268.4317450031948
73960.5275,46.9726005,-268.456291088096
74131.0241,46.9526359,-268.4808297245459
74301.9138,46.9326703,-268.5053603395866
74473.1974,46.9127036,-268.52988293321823
74644.8758,46.892736,-268.55439807839844
74816.9501,46.8727675,-268.5789052021696
74989.4209,46.8527979,-268.6034054504472
75162.2894,46.8328273,-268.62789825027346
75335.5564,46.8128558,-268.65238417460614
75509.2228,46.7928833,-268.6768626504875
75683.2895,46.7729097,-268.7013348238332
75857.7575,46.7529352,-268.7257995487274
76032.6277,46.7329598,-268.7502585440438
76207.901,46.7129833,-268.7747100909088
76383.5784,46.6930059,-268.79915590819587
76559.6607,46.6730274,-268.8235948499893
76736.1489,46.653048,-268.8480280622049
76913.044,46.6330677,-268.8724555448425
77090.3469,46.6130863,-268.89687672494443
77268.0585,46.593104,-268.9212921754683
77446.1798,46.5731206,-268.94570246937207
77624.7117,46.5531363,-268.97010646074006
77803.6551,46.5331511,-268.99450586844574
77983.0111,46.5131648,-269.0188995465734
78162.7805,46.4931776,-269.043288068081
78342.9643,46.4731893,-269.0676714329683
78523.5635,46.4532002,-269.0920502141933
78704.579,46.43321,-269.116424411756
78886.0118,46.4132188,-269.14079345269846
79067.8628,46.3932267,-269.1651584829364
79250.133,46.3732336,-269.1895189295121
79432.8235,46.3532395,-269.21387536538305
79615.935,46.3332445,-269.2382272175917
79799.4687,46.3132485,-269.26257563205354
79983.4255,46.2932515,-269.28691946285306
80167.8063,46.2732535,-269.31125985590586
80352.6122,46.2532545,-269.3355968112118
80537.8441,46.2332546,-269.359930328771
80723.503,46.2132537,-269.38425983562564
80909.5899,46.1932518,-269.4085864776913
81096.1058,46.1732489,-269.432910254968
81283.0516,46.1532451,-269.4572305944979
81470.4284,46.1332403,-269.48154806923884
81658.2371,46.1132345,-269.5058632521486
81846.4788,46.0932277,-269.5301755702694
82035.1544,46.07322,-269.5544850236012
82224.265,46.0532113,-269.57879218510186
82413.8115,46.0332016,-269.60309762772914
82603.795,46.0131909,-269.62740020556737
82794.2164,45.9931792,-269.65170163749
82985.0768,45.9731666,-269.67600020462373
83176.3771,45.953153,-269.70029762584187
83368.1185,45.9331384,-269.7245933281866
83560.3018,45.9131229,-269.74888731165794
83752.9282,45.8931063,-269.77318014921366
83945.9987,45.8730888,-269.79747184085386
84139.5142,45.8530703,-269.8217618136206
84333.4758,45.8330508,-269.84605121342963
84527.8845,45.8130303,-269.87033946732305
84722.7414,45.7930089,-269.8946271482586
84918.0475,45.7729865,-269.9189142562364
85113.8038,45.7529631,-269.9432007912564
85310.0114,45.7329387,-269.96748675331867
85506.6713,45.7129133,-269.9917727153808
85703.7845,45.692887,-270.016058677443
85901.3522,45.6728596,-270.0403440665474
86099.3752,45.6528313,-270.06463002860966
86297.8548,45.632802,-270.08891599067186
86496.7919,45.6127717,-270.1132019527341
86696.1876,45.5927404,-270.13748906071186
86896.0429,45.5727082,-270.1617761686897
87096.359,45.5526749,-270.18606442258306
87297.1368,45.5326407,-270.21035382239205
87498.3775,45.5126054,-270.23464379515883
87700.0821,45.4925692,-270.2589349138412
87902.2517,45.472532,-270.2832271784392
88104.8873,45.4524938,-270.30752058895274
88307.99,45.4324546,-270.3318157183396
88511.561,45.4124144,-270.35611256659996
88715.6012,45.3923732,-270.3804111337336
88920.1118,45.3723311,-270.4047114197407
89125.0938,45.3522879,-270.4290134246212
89330.5484,45.3322437,-270.4533177213329
89536.4766,45.3121986,-270.4776243098757
89742.8795,45.2921524,-270.50193319024976
89949.7582,45.2721053,-270.5262449354127
90157.1138,45.2520571,-270.55055897240686
90364.9474,45.2320079,-270.5748753012322
90573.2601,45.2119578,-270.5991950678044
90782.053,45.1919066,-270.62351769916546
90991.3273,45.1718544,-270.64784319531555
91201.0839,45.1518013,-270.6721721292124
91411.3241,45.1317471,-270.69650392789816
91622.049,45.1116919,-270.72083973728854
91833.2596,45.0916357,-270.7451789844257
92044.9572,45.0715785,-270.76952166930965
92257.1427,45.0515203,-270.7938683648981
92469.8174,45.0314611,-270.8182190711912
92682.9823,45.0114008,-270.84257436114666
92896.6387,44.9913396,-270.86693308884884
93110.7875,44.9712773,-270.8912964002133
93325.4301,44.951214,-270.91566429524033
93540.5674,44.9311497,-270.9400367739296
93756.2007,44.9110844,-270.9644138362812
93972.3311,44.891018,-270.9887954822952
94188.9597,44.8709507,-271.01318285788716
94406.0876,44.8508823,-271.03757481714143
94623.7161,44.8308129,-271.0619719330159
94841.8463,44.8107424,-271.08637420551054
95060.4794,44.790671,-271.1107822075831
95279.6164,44.7705985,-271.13519593923365
95499.2586,44.7505249,-271.1596148275043
95719.4071,44.7304504,-271.1840400183107
95940.0632,44.7103748,-271.20847151165293
96161.2278,44.6902981,-271.2329081616152
96382.9024,44.6702205,-271.2573516870711
96605.0879,44.6501418,-271.28180151506274
96827.7856,44.630062,-271.3062576455901
97050.9967,44.6099812,-271.3307200786532
97274.7224,44.5898994,-271.35518938720986
97498.9638,44.5698165,-271.37966557126003
97723.7221,44.5497326,-271.4041492037616
97948.9985,44.5296476,-271.4286391387989
98174.7943,44.5095616,-271.4531365222875
98401.1106,44.4894745,-271.4776413542274
98627.9486,44.4693864,-271.5021536346187
98855.3095,44.4492972,-271.5266733634613
99083.1945,44.4292069,-271.55120111371315
99311.6048,44.4091156,-271.5757363124162
99540.5417,44.3890233,-271.6002801054862
99770.0064,44.3689298,-271.62483134700756
100000.0,44.3488353,-271.64939060993805
