time_s,fid_source_v,adc_differential_v
0.2000014,1.26162077e-07,0.35035970000000005
0.2000064,5.6877316e-07,0.3493257000000003
0.2000114,1.00963376e-06,0.34831298
0.2000164,1.44738838e-06,0.34732468999999977
0.2000214,1.88069283e-06,0.34636389999999984
0.2000264,2.30821528e-06,0.34543358000000013
0.2000314,2.72864052e-06,0.3445366499999998
0.2000364,3.14067695e-06,0.3436758700000002
0.2000414,3.54305777e-06,0.3428539399999999
0.2000464,3.93454778e-06,0.34207341999999996
0.2000514,4.31394145e-06,0.3413367300000001
0.2000564,4.6800736e-06,0.3406461900000002
0.2000614,5.03181962e-06,0.34000396
0.2000664,5.36809725e-06,0.33941202000000015
0.2000714,5.68787384e-06,0.3388722299999998
0.2000764,5.99016712e-06,0.3383862900000001
0.2000814,6.27404859e-06,0.33795572000000007
0.2000864,6.53864287e-06,0.33758184000000013
0.2000914,6.78313893e-06,0.33726583999999993
0.2000964,7.00678733e-06,0.33700870000000016
0.2001014,7.20889786e-06,0.3368112299999999
0.2001064,7.38885123e-06,0.3366740300000002
0.2001114,7.54609416e-06,0.3365975400000001
0.2001164,7.68014218e-06,0.33658199
0.2001214,7.79058672e-06,0.33662743000000006
0.2001264,7.87708454e-06,0.33673370000000014
0.2001314,7.93937343e-06,0.33690047999999995
0.2001364,7.97726182e-06,0.33712721999999995
0.2001414,7.99063113e-06,0.3374132299999999
0.2001464,7.97944279e-06,0.3377576
0.2001514,7.94373149e-06,0.3381592299999998
0.2001564,7.88360557e-06,0.33861686000000013
0.2001614,7.79925179e-06,0.3391290800000002
0.2001664,7.69092921e-06,0.33969425
0.2001714,7.55897038e-06,0.3403106200000001
0.2001764,7.40378293e-06,0.34097626999999986
0.2001814,7.22584229e-06,0.3416890800000001
0.2001864,7.02569711e-06,0.3424468599999999
0.2001914,6.80396197e-06,0.34324723
0.2001964,6.56131745e-06,0.3440876800000001
0.2002014,6.2985123e-06,0.34496561000000003
0.2002064,6.01635239e-06,0.34587829000000014
0.2002114,5.71570618e-06,0.34682287999999994
0.2002164,5.39749918e-06,0.3477964299999998
0.2002214,5.06270695e-06,0.3487959399999998
0.2002264,4.71235906e-06,0.3498182999999999
0.2002314,4.34753533e-06,0.35086037000000014
0.2002364,3.96935513e-06,0.35191890999999975
0.2002414,3.57898056e-06,0.3529906399999998
0.2002464,3.17761276e-06,0.35407228999999996
0.2002514,2.76648412e-06,0.35516049999999977
0.2002564,2.34686136e-06,0.3562519300000002
0.2002614,1.9200323e-06,0.35734324000000006
0.2002664,1.48730738e-06,0.35843106
0.2002714,1.05001888e-06,0.35951206999999985
0.2002764,6.09511756e-07,0.36058297000000006
0.2002814,1.67138134e-07,0.36164045999999983
0.2002864,-2.75741601e-07,0.36268133
0.2002914,-7.17766465e-07,0.36370239000000004
0.2002964,-1.15757688e-06,0.3647005299999999
0.2003014,-1.59382074e-06,0.36567273
0.2003064,-2.02516012e-06,0.36661601999999993
0.2003114,-2.45026694e-06,0.3675275200000001
0.2003164,-2.8678329e-06,0.36840448000000015
0.2003214,-3.27657836e-06,0.36924422999999984
0.2003264,-3.67524403e-06,0.37004423
0.2003314,-4.06260604e-06,0.3708020700000001
0.2003364,-4.43747293e-06,0.3715154199999997
0.2003414,-4.79869337e-06,0.3721821700000001
0.2003464,-5.14515774e-06,0.37280026
0.2003514,-5.47580057e-06,0.37336785000000017
0.2003564,-5.78960503e-06,0.3738832200000002
0.2003614,-6.0856065e-06,0.3743448100000002
0.2003664,-6.36289698e-06,0.37475122000000005
0.2003714,-6.62062229e-06,0.37510122999999984
0.2003764,-6.85799235e-06,0.3753937899999997
0.2003814,-7.07427661e-06,0.37562801
0.2003864,-7.26881005e-06,0.3758031900000003
0.2003914,-7.44099641e-06,0.3759187799999999
0.2003964,-7.5903039e-06,0.3759744500000002
0.2004014,-7.71627657e-06,0.3759700100000001
0.2004064,-7.81852623e-06,0.37590548999999984
0.2004114,-7.89673943e-06,0.37578107000000016
0.2004164,-7.95067498e-06,0.3755971199999999
0.2004214,-7.98016734e-06,0.37535419000000014
0.2004264,-7.98512714e-06,0.37505301999999996
0.2004314,-7.96553798e-06,0.37469449999999993
0.2004364,-7.92146214e-06,0.37427970999999993
0.2004414,-7.85303332e-06,0.37380990000000014
0.2004464,-7.76046406e-06,0.3732865000000001
0.2004514,-7.64403657e-06,0.37271107000000026
0.2004564,-7.50411133e-06,0.37208533
0.2004614,-7.34111889e-06,0.3714112100000002
0.2004664,-7.15555696e-06,0.3706907100000001
0.2004714,-6.94799914e-06,0.3699260299999998
0.2004764,-6.71908369e-06,0.36911948000000017
0.2004814,-6.46951382e-06,0.36827349
0.2004864,-6.20005684e-06,0.3673906600000001
0.2004914,-5.91154264e-06,0.3664736499999999
0.2004964,-5.60485597e-06,0.36552525999999985
0.2005014,-5.28093973e-06,0.3645483500000002
0.2005064,-4.94079237e-06,0.3635459200000002
0.2005114,-4.58545622e-06,0.36252103000000013
0.2005164,-4.21602687e-06,0.36147679999999993
0.2005214,-3.83363903e-06,0.3604164299999999
0.2005264,-3.43946845e-06,0.3593431600000001
0.2005314,-3.03472457e-06,0.35826029000000004
0.2005364,-2.62065569e-06,0.3571711399999997
0.2005414,-2.19853024e-06,0.35607904999999995
0.2005464,-1.76964963e-06,0.3549874000000002
0.2005514,-1.33533042e-06,0.35389952000000013
0.2005564,-8.96907476e-07,0.35281878999999994
0.2005614,-4.55731407e-07,0.35174854
0.2005664,-1.31542077e-08,0.3506920699999998
0.2005714,4.29460422e-07,0.34965266000000006
0.2005764,8.7075525e-07,0.3486335199999999
0.2005814,1.3093705e-06,0.3476378000000002
0.2005864,1.74396006e-06,0.34666863000000014
0.2005914,2.17318792e-06,0.34572897000000014
0.2005964,2.59573177e-06,0.34482177999999974
0.2006014,3.0102967e-06,0.3439498500000002
0.2006064,3.41560676e-06,0.34311592000000024
0.2006114,3.81041622e-06,0.34232259
0.2006164,4.19351247e-06,0.3415723199999998
0.2006214,4.5637177e-06,0.3408674600000001
0.2006264,4.91989331e-06,0.3402101900000003
0.2006314,5.26094506e-06,0.3396026099999998
0.2006364,5.58582681e-06,0.3390465599999999
0.2006414,5.89353688e-06,0.33854382000000016
0.2006464,6.18313036e-06,0.3380959499999998
0.2006514,6.4537189e-06,0.3377043399999997
0.2006564,6.70446955e-06,0.33737022000000016
0.2006614,6.93461416e-06,0.33709465000000005
0.2006664,7.14344179e-06,0.3368784699999998
0.2006714,7.33031326e-06,0.33672235000000006
0.2006764,7.4946551e-06,0.3366268000000001
0.2006814,7.63596008e-06,0.33659209999999984
0.2006864,7.75379558e-06,0.33661834999999996
0.2006914,7.8478002e-06,0.33670547000000006
0.2006964,7.91768461e-06,0.33685317999999986
0.2007014,7.96323344e-06,0.33706101
0.2007064,7.98430778e-06,0.3373283100000002
0.2007114,7.98084477e-06,0.33765424
0.2007164,7.95285305e-06,0.33803775
0.2007214,7.90041774e-06,0.3384776599999999
0.2007264,7.82370523e-06,0.3389725800000001
0.2007314,7.72294565e-06,0.33952096
0.2007364,7.59845438e-06,0.3401210800000001
0.2007414,7.4506114e-06,0.3407710500000001
0.2007464,7.27987068e-06,0.34146885000000005
0.2007514,7.08676055e-06,0.34221229
0.2007564,6.87187109e-06,0.3429990500000002
0.2007614,6.63586545e-06,0.3438266800000003
0.2007664,6.37946878e-06,0.3446926000000001
0.2007714,6.10346914e-06,0.3455941200000001
0.2007764,5.80871449e-06,0.34652841999999984
0.2007814,5.49611319e-06,0.3474926100000002
0.2007864,5.1666237e-06,0.3484836900000001
0.2007914,4.8212592e-06,0.3494986000000002
0.2007964,4.46108423e-06,0.3505341900000001
0.2008014,4.0872026e-06,0.3515872799999997
0.2008064,3.70076496e-06,0.35265457999999983
0.2008114,3.30296023e-06,0.35373281999999984
0.2008164,2.89501094e-06,0.35481868000000016
0.2008214,2.47816845e-06,0.3559088100000001
0.2008264,2.05371758e-06,0.3569998699999999
0.2008314,1.6229616e-06,0.3580884999999998
0.2008364,1.18722377e-06,0.3591713700000001
0.2008414,7.47845876e-07,0.3602451499999999
0.2008464,3.06175685e-07,0.3613065799999997
0.2008514,-1.36427202e-07,0.3623524
0.2008564,-5.78603152e-07,0.3633794199999998
0.2008614,-1.01899341e-06,0.3643844999999999
0.2008664,-1.45624434e-06,0.36536459999999993
0.2008714,-1.88900964e-06,0.36631672000000015
0.2008764,-2.31596265e-06,0.3672379800000001
0.2008814,-2.73579072e-06,0.3681255600000002
0.2008864,-3.14720035e-06,0.36897678999999983
0.2008914,-3.54892977e-06,0.36978907000000016
0.2008964,-3.93974305e-06,0.3705599700000002
0.2009014,-4.31843976e-06,0.37128711000000014
0.2009064,-4.68385641e-06,0.37196834
0.2009114,-5.03486765e-06,0.3726015599999999
0.2009164,-5.37039632e-06,0.37318487999999994
0.2009214,-5.68941128e-06,0.3737165200000001
0.2009264,-5.99093233e-06,0.3741948999999998
0.2009314,-6.27403199e-06,0.3746185500000001
0.2009364,-6.53784083e-06,0.3749862099999999
0.2009414,-6.78154789e-06,0.37529674999999996
0.2009464,-7.00440373e-06,0.37554925000000017
0.2009514,-7.20572427e-06,0.3757429400000001
0.2009564,-7.38489083e-06,0.37587722999999995
0.2009614,-7.54135204e-06,0.37595173000000015
0.2009664,-7.67462828e-06,0.3759661900000002
0.2009714,-7.78431003e-06,0.3759205800000003
0.2009764,-7.87005909e-06,0.3758150199999999
0.2009814,-7.93161316e-06,0.3756498400000001
0.2009864,-7.96878305e-06,0.37542552000000007
0.2009914,-7.98145442e-06,0.3751427399999998
0.2009964,-7.96958944e-06,0.37480234
0.2010014,-7.93322338e-06,0.37440536000000013
0.2010064,-7.87246954e-06,0.3739529800000001
0.2010114,-7.78751405e-06,0.37344657000000003
0.2010164,-7.67861869e-06,0.37288763000000014
0.2010214,-7.54611807e-06,0.3722778899999999
0.2010264,-7.39042015e-06,0.37161915999999984
0.2010314,-7.21200457e-06,0.3709134299999999
0.2010364,-7.01141885e-06,0.37016285000000027
0.2010414,-6.78927862e-06,0.36936968000000014
0.2010464,-6.54626829e-06,0.36853632000000003
0.2010514,-6.28313533e-06,0.36766531000000024
0.2010564,-6.00068848e-06,0.36675928999999985
0.2010614,-5.69979637e-06,0.3658210000000002
0.2010664,-5.38138309e-06,0.36485332999999986
0.2010714,-5.04642929e-06,0.36385917999999995
0.2010764,-4.6959625e-06,0.36284163000000014
0.2010814,-4.33106199e-06,0.3618037500000002
0.2010864,-3.95285038e-06,0.3607487399999998
0.2010914,-3.56248773e-06,0.35967982
0.2010964,-3.16117566e-06,0.3586002600000002
0.2011014,-2.75014791e-06,0.35751337000000016
0.2011064,-2.33066836e-06,0.35642249999999986
0.2011114,-1.90402422e-06,0.35533097999999974
0.2011164,-1.47153032e-06,0.35424221
0.2011214,-1.03451468e-06,0.35315951999999995
0.2011264,-5.94319614e-07,0.3520862600000001
0.2011314,-1.52299565e-07,0.35102573000000015
0.2011364,2.90186776e-07,0.34998123000000003
0.2011414,7.31778613e-07,0.3489559900000001
0.2011464,1.1711194e-06,0.34795317000000003
0.2011514,1.6068594e-06,0.34697591000000005
0.2011564,2.03765931e-06,0.3460272200000001
0.2011614,2.46219228e-06,0.3451100600000001
0.2011664,2.87915673e-06,0.34422727
0.2011714,3.28727048e-06,0.34338161999999994
0.2011764,3.68527708e-06,0.3425757199999999
0.2011814,4.0719533e-06,0.34181211999999994
0.2011864,4.44611316e-06,0.3410931599999998
0.2011914,4.8066054e-06,0.3404210999999999
0.2011964,5.15232257e-06,0.3397980599999999
0.2012014,5.48220125e-06,0.3392259500000001
0.2012064,5.7952272e-06,0.3387065800000002
0.2012114,6.09044036e-06,0.33824158000000004
0.2012164,6.36693352e-06,0.33783239
0.2012214,6.62385476e-06,0.33748027999999985
0.2012264,6.86041662e-06,0.3371863799999999
0.2012314,7.07589142e-06,0.3369515700000001
0.2012364,7.26961638e-06,0.33677661999999997
0.2012414,7.44099762e-06,0.33666205000000016
0.2012464,7.58950863e-06,0.3366082300000002
0.2012514,7.71469183e-06,0.33661531
0.2012564,7.81616403e-06,0.33668326000000004
0.2012614,7.89361291e-06,0.3368118900000001
0.2012664,7.94680187e-06,0.33700076999999995
0.2012714,7.97556638e-06,0.3372492899999997
0.2012764,7.97981758e-06,0.33755669999999993
0.2012814,7.95954439e-06,0.33792201
0.2012864,7.91480914e-06,0.33834407999999994
0.2012914,7.84575001e-06,0.33882157999999984
0.2012964,7.75257869e-06,0.3393529999999998
0.2013014,7.63558119e-06,0.3399366899999998
0.2013064,7.49511923e-06,0.34057081
0.2013114,7.33162297e-06,0.3412533900000001
0.2013164,7.14559508e-06,0.34198229
0.2013214,6.93761138e-06,0.3427552199999999
0.2013264,6.70830673e-06,0.3435697899999999
0.2013314,6.45838855e-06,0.3444234500000003
0.2013364,6.18862613e-06,0.34531352999999987
0.2013414,5.89984681e-06,0.3462372699999998
0.2013464,5.5929388e-06,0.34719181
0.2013514,5.26884609e-06,0.3481741800000002
0.2013564,4.92856495e-06,0.3491813400000001
0.2013614,4.57314186e-06,0.3502101500000001
0.2013664,4.2036688e-06,0.35125746000000024
0.2013714,3.82128143e-06,0.3523200000000002
0.2013764,3.42715631e-06,0.35339451999999993
0.2013814,3.02250303e-06,0.3544776900000002
0.2013864,2.60856745e-06,0.35556619
0.2013914,2.18662144e-06,0.3566566699999998
0.2013964,1.75796129e-06,0.35774576999999974
0.2014014,1.32390577e-06,0.35883017000000006
0.2014064,8.85788284e-07,0.35990652999999995
0.2014114,4.44955652e-07,0.3609715600000001
0.2014164,2.76403847e-09,0.3620220100000002
0.2014214,-4.3942934e-07,0.36305465999999975
0.2014264,-8.80264776e-07,0.3640663799999999
0.2014314,-1.31838585e-06,0.36505405999999985
0.2014364,-1.75244805e-06,0.36601472999999984
0.2014414,-2.18111644e-06,0.36694545
0.2014464,-2.60307253e-06,0.36784337999999983
0.2014514,-3.01701964e-06,0.3687058099999998
0.2014564,-3.42168582e-06,0.3695301299999998
0.2014614,-3.81582787e-06,0.37031382
0.2014664,-4.19823334e-06,0.37105454000000027
0.2014714,-4.56772663e-06,0.37175000999999974
0.2014764,-4.92317559e-06,0.37239815
0.2014814,-5.26348339e-06,0.372997
0.2014864,-5.58760577e-06,0.3735447599999999
0.2014914,-5.89454727e-06,0.3740397500000001
0.2014964,-6.18336369e-06,0.37448049999999977
0.2015014,-6.4531674e-06,0.37486564999999983
0.2015064,-6.70312953e-06,0.37519408
0.2015114,-6.93248227e-06,0.3754647499999999
0.2015164,-7.14052014e-06,0.37567689000000004
0.2015214,-7.32660495e-06,0.3758298200000001
0.2015264,-7.49016294e-06,0.3759230899999997
0.2015314,-7.63069347e-06,0.37595642000000007
0.2015364,-7.74776422e-06,0.3759297100000001
0.2015414,-7.84101486e-06,0.37584304000000013
0.2015464,-7.9101597e-06,0.37569664000000014
0.2015514,-7.95498636e-06,0.3754909700000002
0.2015564,-7.97535731e-06,0.3752266500000001
0.2015614,-7.97120973e-06,0.37490446
0.2015664,-7.94255603e-06,0.3745253700000002
0.2015714,-7.88948626e-06,0.3740905299999999
0.2015764,-7.81216284e-06,0.37360123999999995
0.2015814,-7.71082213e-06,0.37305898000000015
0.2015864,-7.58577918e-06,0.3724653699999998
0.2015914,-7.43741629e-06,0.37182220999999993
0.2015964,-7.26618986e-06,0.37113145000000003
0.2016014,-7.07262648e-06,0.3703951700000001
0.2016064,-6.85732236e-06,0.36961559999999993
0.2016114,-6.62093818e-06,0.3687950999999998
0.2016164,-6.36420172e-06,0.36793615999999996
0.2016214,-6.08790312e-06,0.3670413800000001
0.2016264,-5.79288819e-06,0.36611349999999976
0.2016314,-5.48006926e-06,0.36515532000000017
0.2016364,-5.15040456e-06,0.36416976
0.2016414,-4.80490825e-06,0.3631598399999998
0.2016464,-4.44464195e-06,0.36212862999999973
0.2016514,-4.07071559e-06,0.36107928999999994
0.2016564,-3.68427697e-06,0.36001501999999985
0.2016614,-3.28651247e-06,0.35893909
0.2016664,-2.87864906e-06,0.35785479
0.2016714,-2.46193729e-06,0.35676545999999987
0.2016764,-2.03766005e-06,0.35567444000000004
0.2016814,-1.6071195e-06,0.3545850899999998
0.2016864,-1.17164052e-06,0.35350077000000013
0.2016914,-7.32562531e-07,0.35242483000000013
0.2016964,-2.9123322e-07,0.35136058000000014
0.2017014,1.50988764e-07,0.35031131999999987
0.2017064,5.92745282e-07,0.3492802899999998
0.2017114,1.03267713e-06,0.3482706900000001
0.2017164,1.46943459e-06,0.3472856400000002
0.2017214,1.90167352e-06,0.34632821999999996
0.2017264,2.32806464e-06,0.3454013899999999
0.2017314,2.747298e-06,0.3445080300000001
0.2017364,3.15808521e-06,0.3436509200000002
0.2017414,3.55916461e-06,0.34283273999999997
0.2017464,3.94930016e-06,0.3420560399999999
0.2017514,4.32729706e-06,0.34132323
0.2017564,4.69199165e-06,0.34063661
0.2017614,5.04226232e-06,0.3399983200000001
0.2017664,5.37703326e-06,0.3394103500000001
0.2017714,5.69527543e-06,0.33887453999999995
0.2017764,5.99601091e-06,0.33839255999999995
0.2017814,6.2783156e-06,0.33796592000000025
0.2017864,6.54132278e-06,0.33759596000000003
0.2017914,6.78422162e-06,0.33728384
0.2017964,7.00626935e-06,0.3370305200000001
0.2018014,7.20678228e-06,0.33683679
0.2018064,7.38514264e-06,0.3367032699999999
0.2018114,7.54080526e-06,0.3366303599999998
0.2018164,7.67328979e-06,0.3366182899999999
0.2018214,7.78218998e-06,0.33666708999999995
0.2018264,7.86717091e-06,0.3367766000000001
0.2018314,7.92797281e-06,0.33694647999999994
0.2018364,7.96440934e-06,0.33717620000000004
0.2018414,7.97636561e-06,0.33746500999999984
0.2018464,7.96381038e-06,0.3378120200000001
0.2018514,7.92677716e-06,0.33821612999999995
0.2018564,7.86538306e-06,0.3386760700000002
0.2018614,7.77981737e-06,0.33919040999999983
0.2018664,7.67034182e-06,0.3397575099999999
0.2018714,7.53729438e-06,0.34037561000000016
0.2018764,7.38108317e-06,0.34104277999999977
0.2018814,7.2021905e-06,0.34175692999999985
0.2018864,7.00116401e-06,0.34251580999999987
0.2018914,6.77862311e-06,0.3433170699999999
0.2018964,6.53525204e-06,0.34415821999999996
0.2019014,6.27180052e-06,0.34503660999999997
0.2019064,5.98907606e-06,0.3459495199999998
0.2019114,5.68794938e-06,0.3468941400000001
0.2019164,5.36934637e-06,0.3478674900000003
0.2019214,5.03424499e-06,0.34886658000000015
0.2019264,4.68367477e-06,0.34988832000000003
0.2019314,4.31871796e-06,0.35092953000000016
0.2019364,3.9404925e-06,0.35198701
0.2019414,3.55016208e-06,0.35305748000000015
0.2019464,3.14892686e-06,0.35413764999999975
0.2019514,2.73801907e-06,0.3552241800000002
0.2019564,2.31870309e-06,0.35631375
0.2019614,1.89226828e-06,0.35740299
0.2019664,1.46002402e-06,0.3584885799999997
0.2019714,1.02329918e-06,0.35956719000000015
0.2019764,5.83437182e-07,0.36063548999999995
0.2019814,1.41789566e-07,0.36169024000000016
0.2019864,-3.00286109e-07,0.3627282199999997
0.2019914,-7.41431687e-07,0.3637462400000002
0.2019964,-1.18029083e-06,0.36474123000000014
0.2020014,-1.61551405e-06,0.36571014
0.2020064,-2.04576314e-06,0.36665002
0.2020114,-2.46971761e-06,0.36755802000000015
0.2020164,-2.88607319e-06,0.36843137999999986
0.2020214,-3.29355058e-06,0.3692674600000001
0.2020264,-3.69089637e-06,0.37006370999999993
0.2020314,-4.07689083e-06,0.37081774999999983
0.2020364,-4.45034719e-06,0.3715272599999999
0.2020414,-4.81011639e-06,0.37219011
0.2020464,-5.15509532e-06,0.3728043000000001
0.2020514,-5.4842207e-06,0.3733679699999999
0.2020564,-5.79648244e-06,0.3738794300000001
0.2020614,-6.09092123e-06,0.3743371000000002
0.2020664,-6.36663017e-06,0.37473964000000004
0.2020714,-6.62276481e-06,0.3750858100000001
0.2020764,-6.85853736e-06,0.3753745799999999
0.2020814,-7.07322075e-06,0.3756050499999999
0.2020864,-7.26615847e-06,0.3757765499999999
0.2020914,-7.43675668e-06,0.37588856999999987
0.2020964,-7.58448901e-06,0.37594073000000017
0.2021014,-7.70890437e-06,0.37593290999999995
0.2021064,-7.80961975e-06,0.37586509999999995
0.2021114,-7.88632507e-06,0.37573752000000016
0.2021164,-7.93878526e-06,0.37555055000000026
0.2021214,-7.96684083e-06,0.37530472999999986
0.2021264,-7.97040211e-06,0.3750008200000001
0.2021314,-7.94946182e-06,0.37463972999999995
0.2021364,-7.90408249e-06,0.3742225399999999
0.2021414,-7.83440366e-06,0.3737504999999999
0.2021464,-7.74064247e-06,0.37322502999999996
0.2021514,-7.62308393e-06,0.37264772999999995
0.2021564,-7.48209311e-06,0.3720203099999999
0.2021614,-7.31809999e-06,0.37134471000000024
0.2021664,-7.13161007e-06,0.37062293999999985
0.2021714,-6.92319881e-06,0.3698571799999999
0.2021764,-6.69350482e-06,0.36904976999999994
0.2021814,-6.44323539e-06,0.3682031400000001
0.2021864,-6.17315945e-06,0.3673198700000002
0.2021914,-5.88410846e-06,0.36640265000000016
0.2021964,-5.57696904e-06,0.36545425
0.2022014,-5.25268832e-06,0.36447755999999987
0.2022064,-4.91226156e-06,0.3634755700000001
0.2022114,-4.55673408e-06,0.3624513199999999
0.2022164,-4.18720212e-06,0.3614079499999998
0.2022214,-3.80479875e-06,0.36034867000000004
0.2022264,-3.41070192e-06,0.35927668999999973
0.2022314,-3.00612181e-06,0.35819531000000016
0.2022364,-2.59230133e-06,0.35710785
0.2022414,-2.17051462e-06,0.35601764999999985
0.2022464,-1.74205715e-06,0.35492807000000015
0.2022514,-1.30824687e-06,0.35384245000000014
0.2022564,-8.70416761e-07,0.35276414999999983
0.2022614,-4.29911512e-07,0.35169651
0.2022664,1.19123399e-08,0.35064280999999986
0.2022714,4.53697349e-07,0.34960632000000014
0.2022764,8.94087844e-07,0.3485902599999997
0.2022814,1.33172662e-06,0.3475977499999998
0.2022864,1.76527057e-06,0.3466319
0.2022914,2.19338911e-06,0.3456956899999999
0.2022964,2.61476093e-06,0.3447920400000002
0.2023014,3.02809472e-06,0.34392376999999996
0.2023064,3.43211989e-06,0.3430935599999998
0.2023114,3.82559352e-06,0.34230402000000004
0.2023164,4.20730729e-06,0.34155760999999996
0.2023214,4.5760869e-06,0.3408566500000001
0.2023264,4.93079958e-06,0.34020331999999986
0.2023314,5.27035533e-06,0.33959969
0.2023364,5.59371024e-06,0.33904761000000017
0.2023414,5.8998703e-06,0.3385488400000001
0.2023464,6.18789473e-06,0.3381049100000002
0.2023514,6.45689888e-06,0.33771723
0.2023564,6.70605628e-06,0.33738701000000026
0.2023614,6.934602e-06,0.3371152599999998
0.2023664,7.14183069e-06,0.33690285
0.2023714,7.32710843e-06,0.33675042999999993
0.2023764,7.48986569e-06,0.33665849000000025
0.2023814,7.62960259e-06,0.3366272899999998
0.2023864,7.74588949e-06,0.3366569399999999
0.2023914,7.83836834e-06,0.33674734000000006
0.2023964,7.90675657e-06,0.3368981999999998
0.2024014,7.95084257e-06,0.3371090400000001
0.2024064,7.97049356e-06,0.33737919000000005
0.2024114,7.96564754e-06,0.33770780999999994
0.2024164,7.93631998e-06,0.3380938600000001
0.2024214,7.88260192e-06,0.3385361299999998
0.2024264,7.80465854e-06,0.3390332399999998
0.2024314,7.70272924e-06,0.3395836000000001
0.2024364,7.57712796e-06,0.3401854999999998
0.2024414,7.42824146e-06,0.3408370599999999
0.2024464,7.25652662e-06,0.3415362499999999
0.2024514,7.06251289e-06,0.34228086999999996
0.2024564,6.84679635e-06,0.34306860000000006
0.2024614,6.61003843e-06,0.34389698
0.2024664,6.35296942e-06,0.3447634300000002
0.2024714,6.07637919e-06,0.34566525000000015
0.2024764,5.78111847e-06,0.3465996499999999
0.2024814,5.46809425e-06,0.34756372000000013
0.2024864,5.13826812e-06,0.3485544500000002
0.2024914,4.79265511e-06,0.3495687999999999
0.2024964,4.43231834e-06,0.35060362
0.2025014,4.05836422e-06,0.35165568999999985
0.2025064,3.67194312e-06,0.3527218000000001
0.2025114,3.27424311e-06,0.3537986300000002
0.2025164,2.86648431e-06,0.3548828800000001
0.2025214,2.44992429e-06,0.35597119999999993
0.2025264,2.02584032e-06,0.3570602599999999
0.2025314,1.59553675e-06,0.35814671
0.2025364,1.16033609e-06,0.35922721999999974
0.2025414,7.21577125e-07,0.3602984899999999
0.2025464,2.80608794e-07,0.3613572199999999
0.2025514,-1.61216317e-07,0.36240019000000023
0.2025564,-6.02536972e-07,0.36342421999999996
0.2025614,-1.04199898e-06,0.36442618999999987
0.2025664,-1.47824988e-06,0.36540302999999996
0.2025714,-1.90994828e-06,0.36635178999999995
0.2025764,-2.33577005e-06,0.36726956999999993
0.2025814,-2.75440497e-06,0.3681535899999999
0.2025864,-3.16456572e-06,0.36900116999999977
0.2025914,-3.56499169e-06,0.36980974
0.2025964,-3.9544531e-06,0.37057684
0.2026014,-4.33175334e-06,0.3713001599999999
0.2026064,-4.69573057e-06,0.37197750000000007
0.2026114,-5.04526665e-06,0.37260683000000006
0.2026164,-5.37928918e-06,0.3731862400000001
0.2026214,-5.69677002e-06,0.3737139700000003
0.2026264,-5.99673468e-06,0.37418841999999986
0.2026314,-6.27826008e-06,0.37460819999999995
0.2026364,-6.54048082e-06,0.37497199000000014
0.2026414,-6.78259148e-06,0.37527872000000007
0.2026464,-7.00385003e-06,0.37552747
0.2026514,-7.20357417e-06,0.3757174699999999
0.2026564,-7.38114869e-06,0.3758481599999999
0.2026614,-7.53603165e-06,0.37591913
0.2026664,-7.66774566e-06,0.37593016
0.2026714,-7.77588597e-06,0.37588122999999984
0.2026764,-7.86011947e-06,0.3757724899999999
0.2026814,-7.92018917e-06,0.37560422999999976
0.2026864,-7.95590909e-06,0.3753769899999999
0.2026914,-7.96717112e-06,0.37509141999999973
0.2026964,-7.95393967e-06,0.3747484000000001
0.2027014,-7.91625546e-06,0.3743489600000003
0.2027064,-7.85423539e-06,0.37389428999999974
0.2027114,-7.76807045e-06,0.37338574999999996
0.2027164,-7.65802613e-06,0.3728248999999999
0.2027214,-7.52443833e-06,0.37221342
0.2027264,-7.36772013e-06,0.37155315
0.2027314,-7.18835349e-06,0.3708460699999998
0.2027364,-6.98688973e-06,0.37009435999999996
0.2027414,-6.7639486e-06,0.3693002499999998
0.2027464,-6.52021421e-06,0.3684661800000002
0.2027514,-6.25643712e-06,0.3675946800000003
0.2027564,-5.97342813e-06,0.36668835999999994
0.2027614,-5.67205751e-06,0.3657500200000001
0.2027664,-5.35325127e-06,0.36478248999999985
0.2027714,-5.01799068e-06,0.3637887099999999
0.2027764,-4.66730585e-06,0.3627717399999999
0.2027814,-4.30227472e-06,0.3617346699999997
0.2027864,-3.92401963e-06,0.3606806600000001
0.2027914,-3.5337034e-06,0.35961295999999976
0.2027964,-3.13252666e-06,0.3585348100000003
0.2028014,-2.72172138e-06,0.35744956000000006
0.2028064,-2.30255046e-06,0.3563605000000003
0.2028114,-1.87630474e-06,0.35527100999999983
0.2028164,-1.44429214e-06,0.35418444999999976
0.2028214,-1.00784157e-06,0.3531041400000001
0.2028264,-5.6829481e-07,0.3520334199999997
0.2028314,-1.27002051e-07,0.35097562000000004
0.2028364,3.14678836e-07,0.34993399000000003
0.2028414,7.55391265e-07,0.34891176999999995
0.2028464,1.19377932e-06,0.34791212000000016
0.2028514,1.628496e-06,0.34693814
0.2028564,2.05820635e-06,0.3459928600000002
0.2028614,2.48158757e-06,0.34507920999999997
0.2028664,2.89733906e-06,0.34420004000000026
0.2028714,3.30418442e-06,0.3433580799999998
0.2028764,3.70087226e-06,0.3425559699999998
0.2028814,4.08618191e-06,0.34179618999999994
0.2028864,4.45892939e-06,0.3410811200000001
0.2028914,4.81797027e-06,0.3404130000000001
0.2028964,5.1622014e-06,0.33979388999999993
0.2029014,5.49056462e-06,0.33922575999999993
0.2029064,5.80204916e-06,0.33871035000000016
0.2029114,6.09569923e-06,0.3382493
0.2029164,6.3706125e-06,0.3378440500000002
0.2029214,6.62594395e-06,0.3374958399999999
0.2029264,6.86090876e-06,0.3372057799999999
0.2029314,7.07478603e-06,0.33697475999999993
0.2029364,7.26691655e-06,0.33680352999999985
0.2029414,7.43671197e-06,0.33669258999999996
0.2029464,7.58364914e-06,0.33664229999999984
0.2029514,7.70727652e-06,0.33665281000000014
0.2029564,7.80721672e-06,0.33672409000000014
0.2029614,7.88316103e-06,0.3368559
0.2029664,7.93487673e-06,0.3370478199999998
0.2029714,7.96220476e-06,0.33729926
0.2029764,7.9650615e-06,0.33760941999999994
0.2029814,7.94343871e-06,0.3379773100000001
0.2029864,7.89740367e-06,0.3384017899999998
0.2029914,7.82709757e-06,0.33888151999999994
0.2029964,7.73273568e-06,0.33941498999999986
0.2030014,7.6146109e-06,0.3400005300000002
0.2030064,7.47308511e-06,0.34063630999999983
0.2030114,7.30859224e-06,0.34132034
0.2030164,7.12164071e-06,0.3420504899999999
0.2030214,6.91280479e-06,0.34282445000000017
0.2030264,6.68272468e-06,0.3436398399999998
0.2030314,6.43211022e-06,0.34449408000000026
0.2030364,6.1617312e-06,0.3453845500000001
0.2030414,5.87241795e-06,0.34630845999999993
0.2030464,5.56506219e-06,0.34726294
0.2030514,5.2406059e-06,0.3482450400000001
0.2030564,4.90004785e-06,0.3492516899999998
0.2030614,4.54443668e-06,0.3502797900000003
0.2030664,4.17486222e-06,0.3513261700000001
0.2030714,3.79246312e-06,0.3523875799999998
0.2030764,3.3984144e-06,0.35346074999999977
0.2030814,2.99392655e-06,0.3545423799999998
0.2030864,2.58024324e-06,0.35562914
0.2030914,2.15863754e-06,0.35671768000000026
0.2030964,1.73040427e-06,0.35780466
0.2031014,1.296859e-06,0.3588867499999999
0.2031064,8.59334873e-07,0.35996063999999994
0.2031114,4.19176727e-07,0.3610230299999999
0.2031164,-2.22605461e-08,0.3620706800000002
0.2031214,-4.6362358e-07,0.36310039000000005
0.2031264,-9.03553895e-07,0.36410902999999983
0.2031314,-1.34069845e-06,0.3650935099999999
0.2031364,-1.77371447e-06,0.36605085000000015
0.2031414,-2.20127118e-06,0.36697811999999974
0.2031464,-2.62205436e-06,0.36787252000000015
0.2031514,-3.03477023e-06,0.36873133999999985
0.2031564,-3.43815085e-06,0.36955194999999996
0.2031614,-3.83095658e-06,0.37033187999999995
0.2031664,-4.21197862e-06,0.37106876999999994
0.2031714,-4.58004883e-06,0.3717603999999999
0.2031764,-4.93403372e-06,0.37240463999999984
0.2031814,-5.27284568e-06,0.37299959000000005
0.2031864,-5.59544321e-06,0.37354343000000023
0.2031914,-5.90083458e-06,0.37403451
0.2031964,-6.18808318e-06,0.37447136000000025
0.2032014,-6.45630439e-06,0.37485266000000017
0.2032064,-6.70467366e-06,0.3751772499999999
0.2032114,-6.9324289e-06,0.37544416999999997
0.2032164,-7.13887018e-06,0.37565259000000006
0.2032214,-7.32336177e-06,0.37580188000000025
0.2032264,-7.48533795e-06,0.3758916099999998
0.2032314,-7.62430094e-06,0.3759214799999999
0.2032364,-7.73982512e-06,0.37589143
0.2032414,-7.8315537e-06,0.37580151000000006
0.2032464,-7.8992034e-06,0.37565201000000004
0.2032514,-7.9425702e-06,0.37544337000000017
0.2032564,-7.96151919e-06,0.37517621999999995
0.2032614,-7.95599113e-06,0.3748513600000003
0.2032664,-7.92600586e-06,0.3744697600000002
0.2032714,-7.87165313e-06,0.37403257
0.2032764,-7.79310262e-06,0.37354112000000006
0.2032814,-7.69059465e-06,0.37299686
0.2032864,-7.56444333e-06,0.37240145000000013
0.2032914,-7.41504111e-06,0.37175670000000016
0.2032964,-7.2428424e-06,0.3710645400000001
0.2033014,-7.04837939e-06,0.3703270500000002
0.2033064,-6.83224955e-06,0.36954648999999984
0.2033114,-6.59511636e-06,0.36872521000000025
0.2033164,-6.33771174e-06,0.3678657000000001
0.2033214,-6.06082415e-06,0.3669705699999999
0.2033264,-5.76530565e-06,0.3660425500000002
0.2033314,-5.45206565e-06,0.3650844499999999
0.2033364,-5.12206858e-06,0.3640992000000003
0.2033414,-4.77632509e-06,0.3630897900000001
0.2033464,-4.41589962e-06,0.3620593000000001
0.2033514,-4.04190373e-06,0.36101090000000013
0.2033564,-3.65548356e-06,0.3599477799999997
0.2033614,-3.25782726e-06,0.35887321000000005
0.2033664,-2.85015829e-06,0.3577904799999998
0.2033714,-2.43372907e-06,0.35670292000000003
0.2033764,-2.00981961e-06,0.3556138499999999
0.2033814,-1.57973518e-06,0.35452664999999994
0.2033864,-1.14479517e-06,0.3534446600000001
0.2033914,-7.06337697e-07,0.35237121000000005
0.2033964,-2.65711728e-07,0.3513096200000003
0.2034014,1.75730558e-07,0.35026319000000017
0.2034064,6.16629943e-07,0.34923513000000006
0.2034114,1.0556326e-06,0.34822865000000003
0.2034164,1.49138961e-06,0.34724686000000005
0.2034214,1.92255938e-06,0.34629279999999985
0.2034264,2.34781836e-06,0.34536944999999997
0.2034314,2.76585948e-06,0.3444796699999999
0.2034364,3.17539652e-06,0.34362623999999986
0.2034414,3.57517235e-06,0.34281180999999994
0.2034464,3.96395662e-06,0.3420389100000001
0.2034514,4.34055577e-06,0.3413099799999999
0.2034564,4.70381079e-06,0.3406272600000002
0.2034614,5.05260745e-06,0.33999290999999987
0.2034664,5.38587236e-06,0.3394089
0.2034714,5.70258164e-06,0.33887705999999995
0.2034764,6.0017618e-06,0.3383990399999999
0.2034814,6.28249303e-06,0.3379763499999999
0.2034864,6.54391299e-06,0.33761029
0.2034914,6.78521834e-06,0.33730203000000003
0.2034964,7.00566887e-06,0.3370525099999999
0.2035014,7.20458499e-06,0.3368625299999999
0.2035064,7.38135852e-06,0.3367326599999998
0.2035114,7.53544345e-06,0.33666332
0.2035164,7.66636753e-06,0.3366547099999999
0.2035214,7.77372795e-06,0.33670685999999983
0.2035264,7.85719664e-06,0.3368195999999999
0.2035314,7.9165159e-06,0.33699258
0.2035364,7.95150444e-06,0.3372252400000002
0.2035414,7.96205443e-06,0.3375168500000001
0.2035464,7.94813379e-06,0.33786649999999985
0.2035514,7.90978674e-06,0.3382730700000003
0.2035564,7.84712887e-06,0.3387353100000001
0.2035614,7.76035685e-06,0.3392517399999999
0.2035664,7.64973406e-06,0.3398207600000003
0.2035714,7.51560223e-06,0.3404405800000001
0.2035764,7.35837451e-06,0.34110925999999986
0.2035814,7.17853403e-06,0.34182469999999987
0.2035864,6.97663372e-06,0.34258469
0.2035914,6.75329397e-06,0.34338683999999975
0.2035964,6.50920216e-06,0.34422865000000025
0.2036014,6.24510896e-06,0.3451074900000002
0.2036064,5.96182535e-06,0.3460206399999999
0.2036114,5.66022337e-06,0.34696525
0.2036164,5.34122961e-06,0.34793841000000003
0.2036214,5.00582452e-06,0.34893708
0.2036264,4.65503946e-06,0.34995817000000007
0.2036314,4.28995309e-06,0.3509985200000001
0.2036364,3.91168796e-06,0.35205493
0.2036414,3.52140576e-06,0.35312410999999977
0.2036464,3.12030767e-06,0.35420280000000015
0.2036514,2.70962473e-06,0.3552876600000001
0.2036564,2.29062246e-06,0.3563753500000002
0.2036614,1.86458541e-06,0.35746252999999983
0.2036664,1.43282354e-06,0.35854587000000016
0.2036714,9.96666641e-07,0.35962205000000025
0.2036764,5.57454528e-07,0.3606877800000001
0.2036814,1.16536977e-07,0.3617397900000001
0.2036864,-3.2473308e-07,0.3627748599999998
0.2036914,-7.64997522e-07,0.3637898500000001
0.2036964,-1.2029009e-06,0.36478167000000017
0.2037014,-1.63710095e-06,0.3657472900000003
0.2037064,-2.06626149e-06,0.36668376000000014
0.2037114,-2.48906228e-06,0.3675882600000002
0.2037164,-2.90420545e-06,0.36845804000000015
0.2037214,-3.31041494e-06,0.3692904400000001
0.2037264,-3.70644055e-06,0.3700829600000002
0.2037314,-4.09106587e-06,0.37083319000000015
0.2037364,-4.46311155e-06,0.37153886000000025
0.2037414,-4.82143083e-06,0.3721978300000002
0.2037464,-5.1649245e-06,0.37280811999999997
0.2037514,-5.49253343e-06,0.37336788
0.2037564,-5.8032541e-06,0.37387541999999985
0.2037614,-6.09613053e-06,0.37432920000000003
0.2037664,-6.37026094e-06,0.37472786000000013
0.2037714,-6.62480734e-06,0.3750701999999999
0.2037764,-6.85898385e-06,0.37535516999999996
0.2037814,-7.07207162e-06,0.3755819200000001
0.2037864,-7.26341553e-06,0.3757497700000001
0.2037914,-7.43242818e-06,0.37585820000000014
0.2037964,-7.57859026e-06,0.37590689
0.2038014,-7.70145195e-06,0.37589567999999995
0.2038064,-7.8006369e-06,0.37582460000000006
0.2038114,-7.87584004e-06,0.3756938799999998
0.2038164,-7.92683022e-06,0.37550389000000006
0.2038214,-7.95345073e-06,0.37525520999999995
0.2038264,-7.9556201e-06,0.3749485800000001
0.2038314,-7.93333212e-06,0.37458492
0.2038364,-7.88665543e-06,0.37416532999999985
0.2038414,-7.81573315e-06,0.3736910600000001
0.2038464,-7.72078405e-06,0.37316355999999984
0.2038514,-7.60210069e-06,0.37258440000000026
0.2038564,-7.46004778e-06,0.37195531999999987
0.2038614,-7.29506228e-06,0.3712782400000001
0.2038664,-7.10765006e-06,0.3705552099999998
0.2038714,-6.89839018e-06,0.36978840000000024
0.2038764,-6.66792438e-06,0.3689801399999999
0.2038814,-6.41696e-06,0.3681328800000001
0.2038864,-6.1462713e-06,0.3672491900000001
0.2038914,-5.85668881e-06,0.36633176
0.2038964,-5.54910423e-06,0.36538336999999976
0.2039014,-5.22446194e-06,0.36440691000000003
0.2039064,-4.8837609e-06,0.36340537000000017
0.2039114,-4.52804814e-06,0.36238179000000015
0.2039164,-4.15841696e-06,0.36133930000000003
0.2039214,-3.77600506e-06,0.3602810900000002
0.2039264,-3.38198609e-06,0.35921040000000004
0.2039314,-2.97757433e-06,0.35813052000000023
0.2039364,-2.56400961e-06,0.35704475999999996
0.2039414,-2.14256343e-06,0.3559564599999998
0.2039464,-1.71453498e-06,0.3548689599999999
0.2039514,-1.28123735e-06,0.35378560999999986
0.2039564,-8.44002668e-07,0.35270976
0.2039614,-4.04174433e-07,0.3516447399999998
0.2039664,3.68950629e-08,0.3505938099999999
0.2039714,4.77847412e-07,0.34956025000000013
0.2039764,9.17330454e-07,0.34854724999999975
0.2039814,1.3539918e-06,0.3475579499999999
0.2039864,1.78648966e-06,0.34659543000000026
0.2039914,2.21349518e-06,0.3456626599999999
0.2039964,2.63369376e-06,0.3447625700000001
0.2040014,3.04579685e-06,0.34389793
0.2040064,3.44853582e-06,0.34307144999999983
0.2040114,3.84067308e-06,0.3422856999999999
0.2040164,4.22100313e-06,0.34154313999999975
0.2040214,4.58835859e-06,0.3408460700000002
0.2040264,4.94160847e-06,0.34019668000000003
0.2040314,5.27966756e-06,0.3395969999999999
0.2040364,5.60149769e-06,0.3390488799999998
0.2040414,5.90610931e-06,0.33855407000000004
0.2040464,6.19256714e-06,0.3381140899999999
0.2040514,6.4599898e-06,0.3377303300000001
0.2040564,6.70755554e-06,0.33740397
0.2040614,6.93450458e-06,0.33713605999999974
0.2040664,7.14013842e-06,0.33692739999999977
0.2040714,7.32382703e-06,0.3367786699999997
0.2040764,7.48500463e-06,0.33669031999999977
0.2040814,7.62317508e-06,0.33666260999999986
0.2040864,7.73791579e-06,0.33669565000000024
0.2040914,7.82887446e-06,0.3367893099999999
0.2040964,7.89577102e-06,0.3369433100000001
0.2041014,7.9383997e-06,0.33715713999999974
0.2041064,7.95663003e-06,0.33743014000000016
0.2041114,7.95040636e-06,0.3377614400000002
0.2041164,7.91974951e-06,0.3381500200000003
0.2041214,7.86475159e-06,0.3385946299999998
0.2041264,7.7855851e-06,0.33909389
0.2041314,7.68248966e-06,0.3396462199999999
0.2041364,7.55578477e-06,0.34024991000000027
0.2041414,7.40586102e-06,0.3409030499999999
0.2041464,7.23317748e-06,0.3416036099999997
0.2041514,7.03826554e-06,0.3423493900000001
0.2041564,6.82172596e-06,0.3431380700000002
0.2041614,6.5842233e-06,0.34396717999999993
0.2041664,6.32648837e-06,0.34483415000000006
0.2041714,6.04931394e-06,0.3457362799999997
0.2041764,5.75355095e-06,0.3466707600000001
0.2041814,5.44010915e-06,0.34763467999999986
0.2041864,5.10995256e-06,0.34862506000000026
0.2041914,4.76409714e-06,0.34963882999999996
0.2041964,4.40360384e-06,0.35067285000000004
0.2042014,4.02958156e-06,0.3517239299999999
0.2042064,3.64318089e-06,0.35278882
0.2042114,3.24559075e-06,0.3538642300000001
0.2042164,2.83802928e-06,0.35494685999999986
0.2042214,2.42175355e-06,0.3560333699999998
0.2042264,1.99804134e-06,0.35712042999999993
0.2042314,1.56819379e-06,0.35820469999999993
0.2042364,1.13353485e-06,0.3592828400000001
0.2042414,6.95400523e-07,0.3603515700000002
0.2042464,2.5513429e-07,0.36140760000000016
0.2042514,-1.85907824e-07,0.36244772999999997
0.2042564,-6.26370731e-07,0.3634687699999999
0.2042614,-1.06490232e-06,0.36446760999999994
0.2042664,-1.50015051e-06,0.3654412
0.2042714,-1.93078163e-06,0.3663865999999998
0.2042764,-2.35546935e-06,0.36730090000000004
0.2042814,-2.77291027e-06,0.3681813600000001
0.2042864,-3.18182173e-06,0.36902528999999995
0.2042914,-3.5809442e-06,0.36983014999999986
0.2042964,-3.96905271e-06,0.37059347
0.2043014,-4.34495519e-06,0.3713129500000001
0.2043064,-4.70749547e-06,0.3719864300000002
0.2043114,-5.0555574e-06,0.37261187000000007
0.2043164,-5.38807308e-06,0.37318735999999997
0.2043214,-5.70402191e-06,0.3737111799999999
0.2043264,-6.00243106e-06,0.37418175
0.2043314,-6.28238481e-06,0.37459763999999995
0.2043364,-6.54302151e-06,0.3749575900000002
0.2043414,-6.78353798e-06,0.3752605200000001
0.2043464,-7.0032003e-06,0.3755055199999999
0.2043514,-7.20133003e-06,0.37569184
0.2043564,-7.37731918e-06,0.3758189299999999
0.2043614,-7.53062698e-06,0.3758863800000001
0.2043664,-7.66078135e-06,0.3758940100000001
0.2043714,-7.76738386e-06,0.37584176999999985
0.2043764,-7.85010705e-06,0.3757298299999998
0.2043814,-7.90869695e-06,0.3755585400000001
0.2043864,-7.94297186e-06,0.3753283700000003
0.2043914,-7.95282716e-06,0.3750400399999998
0.2043964,-7.93823494e-06,0.3746944099999998
0.2044014,-7.89923837e-06,0.3742925100000001
0.2044064,-7.83595827e-06,0.37383557000000023
0.2044114,-7.74858927e-06,0.37332494000000005
0.2044164,-7.63739908e-06,0.3727621699999999
0.2044214,-7.50273074e-06,0.3721489600000001
0.2044264,-7.34499891e-06,0.3714871599999998
0.2044314,-7.16468817e-06,0.37077877000000004
0.2044364,-6.96235268e-06,0.3700259199999998
0.2044414,-6.73861432e-06,0.36923090999999997
0.2044464,-6.4941615e-06,0.3683961400000002
0.2044514,-6.22974664e-06,0.36752415000000016
0.2044564,-5.94618164e-06,0.3666175600000001
0.2044614,-5.64433816e-06,0.3656791599999998
0.2044664,-5.32514395e-06,0.3647117900000001
0.2044714,-4.98958254e-06,0.36371839000000006
0.2044764,-4.63868388e-06,0.3627020099999998
0.2044814,-4.27352758e-06,0.36166573999999985
0.2044864,-3.8952347e-06,0.36061276
0.2044914,-3.50496985e-06,0.35954628999999994
0.2044964,-3.10393257e-06,0.35846957999999995
0.2045014,-2.69335404e-06,0.35738596
0.2045064,-2.27449765e-06,0.35629874000000017
0.2045114,-1.84865197e-06,0.35521126999999986
0.2045164,-1.417126e-06,0.3541269100000002
0.2045214,-9.81244414e-07,0.35304898000000007
0.2045264,-5.42348318e-07,0.3519808400000002
0.2045314,-1.01786475e-07,0.3509257499999998
0.2045364,3.39086666e-07,0.34988701
0.2045414,7.7891475e-07,0.34886781
0.2045464,1.21634653e-06,0.3478713200000001
0.2045514,1.65003909e-06,0.34690063999999987
0.2045564,2.07865856e-06,0.34595876000000003
0.2045614,2.5008871e-06,0.3450486300000002
0.2045664,2.91542596e-06,0.3441730700000001
0.2045714,3.32100164e-06,0.34333480999999977
0.2045764,3.71636827e-06,0.34253646999999976
0.2045814,4.10030958e-06,0.34178052000000014
0.2045864,4.47164744e-06,0.34106933000000006
0.2045914,4.82923759e-06,0.3404051200000002
0.2045964,5.17198377e-06,0.3397899699999998
0.2046014,5.49883213e-06,0.33922578000000025
0.2046064,5.80877627e-06,0.33871435000000005
0.2046114,6.10086502e-06,0.3382572399999999
0.2046164,6.3742018e-06,0.33785591000000004
0.2046214,6.62794576e-06,0.33751158000000014
0.2046264,6.86131562e-06,0.33722536000000014
0.2046314,7.07359764e-06,0.3369981299999998
0.2046364,7.26413689e-06,0.33683059000000015
0.2046414,7.43234903e-06,0.33672327999999996
0.2046464,7.57771686e-06,0.3366765199999999
0.2046514,7.69979329e-06,0.3366904500000003
0.2046564,7.7982049e-06,0.3367650200000001
0.2046614,7.8726493e-06,0.3369000099999999
0.2046664,7.92289686e-06,0.33709498000000004
0.2046714,7.94879351e-06,0.33734929999999985
0.2046764,7.95026016e-06,0.33766218999999986
0.2046814,7.92729322e-06,0.33803264999999993
0.2046864,7.87996283e-06,0.3384595300000002
0.2046914,7.80841517e-06,0.3389414799999999
0.2046964,7.71287059e-06,0.33947697
0.2047014,7.59362219e-06,0.3400643699999999
0.2047064,7.45103826e-06,0.3407017899999998
0.2047114,7.28555519e-06,0.34138725000000014
0.2047164,7.09768426e-06,0.34211861999999993
0.2047214,6.88800219e-06,0.34289360999999974
0.2047264,6.65715325e-06,0.34370977999999996
0.2047314,6.4058488e-06,0.3445646199999999
0.2047364,6.13485842e-06,0.34545546000000016
0.2047414,5.84501772e-06,0.3463795099999998
0.2047464,5.5372186e-06,0.34733393
0.2047514,5.21240497e-06,0.34831572999999993
0.2047564,4.87157571e-06,0.3493218800000002
0.2047614,4.51578011e-06,0.35034926999999993
0.2047664,4.14611073e-06,0.3513947099999999
0.2047714,3.76370524e-06,0.3524549699999999
0.2047764,3.36973717e-06,0.35352678000000015
0.2047814,2.96541944e-06,0.3546068600000003
0.2047864,2.55199362e-06,0.3556918600000001
0.2047914,2.13073085e-06,0.35677846000000013
0.2047964,1.70292778e-06,0.35786331000000016
0.2048014,1.26989636e-06,0.35894310000000007
0.2048064,8.32970122e-07,0.36001448999999996
0.2048114,3.93490396e-07,0.36107424999999993
0.2048164,-4.71906869e-08,0.3621190999999999
0.2048214,-4.87718626e-07,0.36314586999999987
0.2048264,-9.26741501e-07,0.36415142
0.2048314,-1.36290606e-06,0.3651327
0.2048364,-1.79487506e-06,0.3660866999999999
0.2048414,-2.22132034e-06,0.3670105399999999
0.2048464,-2.64092859e-06,0.3679014100000002
0.2048514,-3.05241302e-06,0.3687566000000002
0.2048564,-3.45450601e-06,0.3695735200000001
0.2048614,-3.84597549e-06,0.37034968999999984
0.2048664,-4.22561625e-06,0.3710827700000001
0.2048714,-4.59225979e-06,0.3717705400000002
0.2048764,-4.94478331e-06,0.37241090999999993
0.2048814,-5.28209994e-06,0.3730019499999999
0.2048864,-5.60317327e-06,0.3735418899999998
0.2048914,-5.90701734e-06,0.37402906
0.2048964,-6.19269827e-06,0.3744620299999999
0.2049014,-6.45933826e-06,0.37483946999999995
0.2049064,-6.70611822e-06,0.3751602500000002
0.2049114,-6.93228011e-06,0.3754234000000003
0.2049164,-7.13712683e-06,0.3756281199999998
0.2049214,-7.32003016e-06,0.37577379
0.2049264,-7.48042794e-06,0.37585997999999976
0.2049314,-7.61782679e-06,0.3758864100000001
0.2049364,-7.7318071e-06,0.37585301000000015
0.2049414,-7.82201619e-06,0.37575987999999994
0.2049464,-7.88817686e-06,0.3756072800000001
0.2049514,-7.93008844e-06,0.37539568999999995
0.2049564,-7.9476195e-06,0.37512572999999994
0.2049614,-7.94071691e-06,0.3747982099999998
0.2049664,-7.90940385e-06,0.37441411
0.2049714,-7.85377564e-06,0.37397459
0.2049764,-7.77400333e-06,0.37348097999999985
0.2049814,-7.67033156e-06,0.3729347500000002
0.2049864,-7.54308092e-06,0.37233757
0.2049914,-7.39264196e-06,0.3716912099999998
0.2049964,-7.2194772e-06,0.37099766000000023
0.2050014,-7.02411978e-06,0.37025898999999995
0.2050064,-6.80717086e-06,0.36947745
0.2050114,-6.56929476e-06,0.3686554000000002
0.2050164,-6.31122636e-06,0.3677953399999998
0.2050214,-6.03375629e-06,0.3668998699999999
0.2050264,-5.73773992e-06,0.3659717200000001
0.2050314,-5.42408608e-06,0.3650137200000001
0.2050364,-5.09375981e-06,0.36402877
0.2050414,-4.74777653e-06,0.3630198900000001
0.2050464,-4.38719782e-06,0.36199015
0.2050514,-4.01313648e-06,0.36094270000000006
0.2050564,-3.62673998e-06,0.35988074999999986
0.2050614,-3.22919571e-06,0.3588075500000001
0.2050664,-2.82172449e-06,0.3577263800000001
0.2050714,-2.40558268e-06,0.35664059000000004
0.2050764,-1.98204674e-06,0.3555534899999999
0.2050814,-1.55242109e-06,0.35446842999999983
0.2050864,-1.1180245e-06,0.3533887800000002
0.2050914,-6.80191706e-07,0.35231782999999983
0.2050964,-2.4027124e-07,0.35125892000000003
0.2051014,2.00387039e-07,0.35021531000000006
0.2051064,6.40427219e-07,0.3491902400000002
0.2051114,1.07849785e-06,0.34818687000000015
0.2051164,1.51325134e-06,0.34720832999999995
0.2051214,1.94335211e-06,0.34625764000000014
0.2051264,2.36747753e-06,0.3453377700000002
0.2051314,2.78432413e-06,0.34445156999999993
0.2051364,3.19261082e-06,0.3436018000000003
0.2051414,3.59108183e-06,0.34279112
0.2051464,3.978514e-06,0.34202204
0.2051514,4.35371524e-06,0.3412969699999999
0.2051564,4.7155333e-06,0.3406181599999998
0.2051614,5.0628567e-06,0.33998775000000014
0.2051664,5.39461634e-06,0.3394076800000003
0.2051714,5.70979205e-06,0.3388798000000002
0.2051764,6.00741771e-06,0.33840572999999985
0.2051814,6.28657846e-06,0.33798697
0.2051864,6.54641486e-06,0.33762482000000005
0.2051914,6.78612863e-06,0.3373204000000001
0.2051964,7.00498489e-06,0.33707467999999996
0.2052014,7.20230919e-06,0.33688841999999997
0.2052064,7.37749597e-06,0.3367622000000001
0.2052114,7.53000785e-06,0.33669642
0.2052164,7.65937499e-06,0.3366912599999998
0.2052214,7.76520135e-06,0.3367467500000001
0.2052264,7.84716043e-06,0.3368627100000001
0.2052314,7.90500265e-06,0.33703875999999977
0.2052364,7.93854791e-06,0.3372743599999999
0.2052414,7.94769522e-06,0.33756876000000013
0.2052464,7.93241749e-06,0.33792100999999986
0.2052514,7.89275934e-06,0.3383300399999998
0.2052564,7.8288442e-06,0.33879455
0.2052614,7.74087044e-06,0.33931307
0.2052664,7.629107e-06,0.33988399000000014
0.2052714,7.49389682e-06,0.34050550999999984
0.2052764,7.33565722e-06,0.3411756899999998
0.2052814,7.15487441e-06,0.3418924299999999
0.2052864,6.95210613e-06,0.3426535099999999
0.2052914,6.72797285e-06,0.34345651999999993
0.2052964,6.48316531e-06,0.34429898000000025
0.2053014,6.21843731e-06,0.3451782700000001
0.2053064,5.93460046e-06,0.3460916299999999
0.2053114,5.63252792e-06,0.34703624
0.2053164,5.31314998e-06,0.34800918000000003
0.2053214,4.97744686e-06,0.34900739999999986
0.2053264,4.62645096e-06,0.3500278400000001
0.2053314,4.26124171e-06,0.35106733
0.2053364,3.88294075e-06,0.3521226500000001
0.2053414,3.49271316e-06,0.3531905499999999
0.2053464,3.09175696e-06,0.35426775
0.2053514,2.68130342e-06,0.35535092
0.2053564,2.26261658e-06,0.35643672000000004
0.2053614,1.83698284e-06,0.35752183000000004
0.2053664,1.40571001e-06,0.35860293
0.2053714,9.70123067e-07,0.35967667999999975
0.2053764,5.31563372e-07,0.36073982000000004
0.2053814,9.13775713e-08,0.36178906999999993
0.2053864,-3.49082859e-07,0.36282126000000003
0.2053914,-7.88461574e-07,0.36383321000000013
0.2053964,-1.22540926e-06,0.36482185999999994
0.2054014,-1.65858296e-06,0.3657841800000001
0.2054064,-2.08665153e-06,0.36671725
0.2054114,-2.50829877e-06,0.36761825000000004
0.2054164,-2.92222818e-06,0.36848442999999986
0.2054214,-3.32716767e-06,0.3693131700000001
0.2054264,-3.7218739e-06,0.37010193999999985
0.2054314,-4.10513254e-06,0.37084837999999976
0.2054364,-4.47576574e-06,0.3715502100000003
0.2054414,-4.83263454e-06,0.37220531000000023
0.2054464,-5.17464358e-06,0.3728117099999999
0.2054514,-5.5007389e-06,0.37336756000000015
0.2054564,-5.80991907e-06,0.37387119999999996
0.2054614,-6.10123628e-06,0.37432109
0.2054664,-6.37379144e-06,0.37471589000000005
0.2054714,-6.62675054e-06,0.3750544
0.2054764,-6.8593336e-06,0.37533559000000016
0.2054814,-7.07082721e-06,0.3755586299999998
0.2054864,-7.26058293e-06,0.37572282
0.2054914,-7.42801376e-06,0.37582768999999994
0.2054964,-7.57260726e-06,0.37587290000000007
0.2055014,-7.69391921e-06,0.3758583299999998
0.2055064,-7.79157878e-06,0.3757839999999999
0.2055114,-7.86528339e-06,0.3756501400000003
0.2055164,-7.9148072e-06,0.37545716000000007
0.2055214,-7.93999909e-06,0.37520562000000024
0.2055264,-7.94077973e-06,0.3748962800000002
0.2055314,-7.91715049e-06,0.3745300699999998
0.2055364,-7.8691817e-06,0.37410809
0.2055414,-7.79702047e-06,0.37363162000000005
0.2055464,-7.70089058e-06,0.3731020800000002
0.2055514,-7.58108703e-06,0.37252107999999984
0.2055564,-7.43797893e-06,0.3718903499999999
0.2055614,-7.27200559e-06,0.37121183999999996
0.2055664,-7.08367774e-06,0.3704875499999998
0.2055714,-6.87357363e-06,0.36971968999999993
0.2055764,-6.64234001e-06,0.3689106
0.2055814,-6.39068855e-06,0.36806271999999995
0.2055864,-6.11939223e-06,0.36717860999999985
0.2055914,-5.82928556e-06,0.36626099999999995
0.2055964,-5.52126073e-06,0.36531263000000025
0.2056014,-5.19626403e-06,0.36433640999999994
0.2056064,-4.85529375e-06,0.3633353199999998
0.2056114,-4.49939984e-06,0.36231241000000014
0.2056164,-4.12967659e-06,0.36127080999999994
0.2056214,-3.74726019e-06,0.3602137000000001
0.2056264,-3.35332614e-06,0.3591443200000002
0.2056314,-2.94908372e-06,0.35806594999999986
0.2056364,-2.53577875e-06,0.35698189999999985
0.2056414,-2.11468026e-06,0.3558954900000002
0.2056464,-1.68708216e-06,0.35481008999999997
0.2056514,-1.25430009e-06,0.3537290100000001
0.2056564,-8.17664472e-07,0.35265561
0.2056614,-3.78516846e-07,0.35159319999999994
0.2056664,6.17929385e-08,0.35054505
0.2056714,5.01911136e-07,0.34951442999999993
0.2056764,9.40484552e-07,0.3485045
0.2056814,1.37616492e-06,0.34751841000000017
0.2056864,1.80761568e-06,0.34655922000000006
0.2056914,2.23350761e-06,0.34562990000000005
0.2056964,2.65253169e-06,0.34473335000000005
0.2057014,3.06340069e-06,0.3438723399999999
0.2057064,3.46485346e-06,0.3430495899999999
0.2057114,3.8556539e-06,0.34226763000000004
0.2057164,4.23460153e-06,0.3415289100000001
0.2057214,4.60053076e-06,0.34083574000000016
0.2057264,4.95231857e-06,0.34019028000000007
0.2057314,5.28888339e-06,0.3395945400000002
0.2057364,5.6091909e-06,0.33905038
0.2057414,5.91225657e-06,0.33855952
0.2057464,6.19714861e-06,0.3381234799999999
0.2057514,6.46299142e-06,0.33774362000000013
0.2057564,6.70896739e-06,0.3374211199999999
0.2057614,6.93432373e-06,0.33715702000000003
0.2057664,7.13836519e-06,0.3369521099999997
0.2057714,7.32046563e-06,0.33680705
0.2057764,7.48006695e-06,0.3367222799999998
0.2057814,7.61667615e-06,0.33669806999999996
0.2057864,7.72987646e-06,0.33673448000000006
0.2057914,7.81931814e-06,0.33683138999999973
0.2057964,7.88472667e-06,0.33698850000000014
0.2058014,7.92590217e-06,0.3372053199999998
0.2058064,7.94271829e-06,0.3374811499999999
0.2058114,7.93512342e-06,0.33781512999999985
0.2058164,7.90314059e-06,0.3382062000000001
0.2058214,7.84686981e-06,0.3386531399999999
0.2058264,7.76648331e-06,0.3391545499999997
0.2058314,7.66222794e-06,0.3397088399999999
0.2058364,7.53442487e-06,0.3403142899999998
0.2058414,7.38346834e-06,0.34096899000000014
0.2058464,7.20982169e-06,0.34167091000000016
0.2058514,7.01401999e-06,0.34241784
0.2058564,6.79666273e-06,0.34320746000000013
0.2058614,6.55842031e-06,0.3440372999999999
0.2058664,6.30002541e-06,0.3449047700000001
0.2058714,6.0222707e-06,0.34580717999999977
0.2058764,5.72601207e-06,0.3467417300000002
0.2058814,5.41215987e-06,0.3477054999999998
0.2058864,5.0816775e-06,0.3486955100000002
0.2058914,4.73558329e-06,0.3497086999999999
0.2058964,4.37493981e-06,0.35074192000000015
0.2059014,4.00085528e-06,0.35179198999999994
0.2059064,3.61448132e-06,0.35285564999999997
0.2059114,3.21700392e-06,0.3539296300000001
0.2059164,2.80964576e-06,0.3550106399999997
0.2059214,2.39365868e-06,0.3560953200000001
0.2059264,1.97032188e-06,0.3571803600000001
0.2059314,1.5409358e-06,0.35826243000000013
0.2059364,1.10682088e-06,0.3593382100000002
0.2059414,6.69311725e-07,0.3604044000000002
0.2059464,2.29753336e-07,0.36145775
0.2059514,-2.10504377e-07,0.3624950200000001
0.2059564,-6.50107364e-07,0.36351306999999977
0.2059614,-1.08770217e-06,0.36450877999999975
0.2059664,-1.52194831e-06,0.36547912000000005
0.2059714,-1.95150872e-06,0.3664211399999999
0.2059764,-2.37506226e-06,0.36733198999999983
0.2059814,-2.79130938e-06,0.36820888000000007
0.2059864,-3.19896803e-06,0.36904917000000004
0.2059914,-3.59678686e-06,0.3698503099999999
0.2059964,-3.98354331e-06,0.3706098499999999
0.2060014,-4.35804777e-06,0.3713255200000001
0.2060064,-4.71915014e-06,0.3719951399999999
0.2060114,-5.06573915e-06,0.3726166799999999
0.2060164,-5.39675018e-06,0.3731882700000002
0.2060214,-5.71116814e-06,0.3737081900000001
0.2060264,-6.00802468e-06,0.3741748600000001
0.2060314,-6.28640758e-06,0.37458688000000007
0.2060364,-6.54545955e-06,0.3749429900000001
0.2060414,-6.78438679e-06,0.3752421300000002
0.2060464,-7.00245654e-06,0.3754834
0.2060514,-7.19899449e-06,0.37566605
0.2060564,-7.37340052e-06,0.37578954
0.2060614,-7.52513569e-06,0.37585349999999984
0.2060664,-7.65373599e-06,0.3758577200000002
0.2060714,-7.75880626e-06,0.37580219999999986
0.2060764,-7.84002286e-06,0.3756870899999998
0.2060814,-7.89713638e-06,0.37551274999999995
0.2060864,-7.92997081e-06,0.37527968
0.2060914,-7.93842688e-06,0.3749886
0.2060964,-7.92247831e-06,0.37464038
0.2061014,-7.88217441e-06,0.37423604
0.2061064,-7.8176391e-06,0.3737768299999997
0.2061114,-7.72907083e-06,0.3732641200000002
0.2061164,-7.61674169e-06,0.3726994499999998
0.2061214,-7.48099911e-06,0.3720845300000002
0.2061264,-7.3222577e-06,0.37142122
0.2061314,-7.141008e-06,0.3707115200000002
0.2061364,-6.93780673e-06,0.36995756000000024
0.2061414,-6.71327706e-06,0.3691616499999999
0.2061464,-6.46811148e-06,0.3683261899999999
0.2061514,-6.20306399e-06,0.3674537099999997
0.2061564,-5.91894791e-06,0.3665468700000001
0.2061614,-5.61663788e-06,0.36560842000000005
0.2061664,-5.29706304e-06,0.36464123000000015
0.2061714,-4.96120604e-06,0.36364821999999997
0.2061764,-4.61009925e-06,0.3626324500000002
0.2061814,-4.24482084e-06,0.36159699999999995
0.2061864,-3.8664969e-06,0.36054505000000003
0.2061914,-3.4762878e-06,0.3594798000000001
0.2061964,-3.07539272e-06,0.3584045400000002
0.2062014,-2.66504831e-06,0.35732256000000007
0.2062064,-2.24651077e-06,0.35623718999999987
0.2062114,-1.82106998e-06,0.35515176000000026
0.2062164,-1.390033e-06,0.3540696099999998
0.2062214,-9.54724481e-07,0.3529940899999997
0.2062264,-5.1648344e-07,0.3519285000000003
0.2062314,-7.66555685e-08,0.35087615000000016
0.2062364,3.63406637e-07,0.34984028
0.2062414,8.02349484e-07,0.34882411
0.2062464,1.23882562e-06,0.34783078000000023
0.2062514,1.67149096e-06,0.34686337999999983
0.2062564,2.09901681e-06,0.3459249200000001
0.2062614,2.52009002e-06,0.3450183
0.2062664,2.93341412e-06,0.3441463600000001
0.2062714,3.33772038e-06,0.34331179
0.2062764,3.73176682e-06,0.34251721
0.2062814,4.11434136e-06,0.3417650800000003
0.2062864,4.48426722e-06,0.3410577699999999
0.2062914,4.84040748e-06,0.34039748000000025
0.2062964,5.18166867e-06,0.3397862599999997
0.2063014,5.50700277e-06,0.33922604
0.2063064,5.81540829e-06,0.3387185399999999
0.2063114,6.10593805e-06,0.3382653900000001
0.2063164,6.37770077e-06,0.3378679600000001
0.2063214,6.62985847e-06,0.33752751999999986
0.2063264,6.8616381e-06,0.3372451300000001
0.2063314,7.0723276e-06,0.33702166
0.2063364,7.26127728e-06,0.33685781999999986
0.2063414,7.42791077e-06,0.33675411999999993
0.2063464,7.57171218e-06,0.33671086000000017
0.2063514,7.6922415e-06,0.33672821
0.2063564,7.78912985e-06,0.3368060700000002
0.2063614,7.86207747e-06,0.3369442199999999
0.2063664,7.91086108e-06,0.3371422100000001
0.2063714,7.93533092e-06,0.3373994
0.2063764,7.93541258e-06,0.3377150200000001
0.2063814,7.91110644e-06,0.3380880399999999
0.2063864,7.86248743e-06,0.33851730000000013
0.2063914,7.7897027e-06,0.3390014399999999
0.2063964,7.69298027e-06,0.33953897
0.2064014,7.57261505e-06,0.34012817000000006
0.2064064,7.42897821e-06,0.34076722000000004
0.2064114,7.26251149e-06,0.34145411000000014
0.2064164,7.0737265e-06,0.3421866900000001
0.2064214,6.86320446e-06,0.3429626800000001
0.2064264,6.63159067e-06,0.3437796499999999
0.2064314,6.37960131e-06,0.34463507000000004
0.2064364,6.108007e-06,0.34552625000000003
0.2064414,5.81764402e-06,0.3464504500000001
0.2064464,5.50940712e-06,0.34740477999999975
0.2064514,5.18424198e-06,0.34838627999999994
0.2064564,4.84314603e-06,0.34939191
0.2064614,4.48717315e-06,0.35041856000000005
0.2064664,4.11741451e-06,0.3514630499999998
0.2064714,3.73500586e-06,0.3525221599999999
0.2064764,3.34112501e-06,0.35359261
0.2064814,2.93698061e-06,0.3546711300000003
0.2064864,2.52381592e-06,0.3557543700000001
0.2064914,2.10290192e-06,0.35683902
0.2064964,1.67553111e-06,0.35792173000000016
0.2065014,1.24301962e-06,0.3589992000000002
0.2065064,8.06694013e-07,0.36006812
0.2065114,3.67895739e-07,0.36112522000000014
0.2065164,-7.20248944e-08,0.36216727000000004
0.2065214,-5.11716688e-07,0.36319109000000016
0.2065264,-9.49827923e-07,0.36419356999999986
0.2065314,-1.38501201e-06,0.36517162000000014
0.2065364,-1.8159318e-06,0.3661223
0.2065414,-2.24126347e-06,0.36704271
0.2065464,-2.65969535e-06,0.36793003999999985
0.2065514,-3.06994683e-06,0.36878160999999987
0.2065564,-3.47075457e-06,0.36959484
0.2065614,-3.86088598e-06,0.3703672600000001
0.2065664,-4.23914277e-06,0.3710965300000002
0.2065714,-4.60436358e-06,0.37178045000000015
0.2065764,-4.95542496e-06,0.3724169399999999
0.2065814,-5.2912454e-06,0.3730040899999998
0.2065864,-5.61079718e-06,0.3735401199999999
0.2065914,-5.91309561e-06,0.3740234
0.2065964,-6.19721195e-06,0.37445249000000014
0.2066014,-6.4622746e-06,0.37482609
0.2066064,-6.70746641e-06,0.37514305999999986
0.2066114,-6.93203476e-06,0.3754024599999999
0.2066164,-7.13529077e-06,0.3756034799999999
0.2066214,-7.31660857e-06,0.37574554000000004
0.2066264,-7.47543159e-06,0.3758282099999999
0.2066314,-7.61127142e-06,0.3758512000000003
0.2066364,-7.72371166e-06,0.3758144900000002
0.2066414,-7.81240687e-06,0.37571815
0.2066464,-7.87708278e-06,0.37556247
0.2066514,-7.9175422e-06,0.37534793
0.2066564,-7.93366134e-06,0.3750751700000001
0.2066614,-7.92538933e-06,0.3747449999999999
0.2066664,-7.89275369e-06,0.37435841000000014
0.2066714,-7.83585386e-06,0.37391657999999994
0.2066764,-7.75486433e-06,0.37342083000000015
0.2066814,-7.65003597e-06,0.37287264
0.2066864,-7.52168997e-06,0.3722736900000001
0.2066914,-7.37022139e-06,0.3716257700000001
0.2066964,-7.19609664e-06,0.37093084
0.2067014,-6.99985157e-06,0.37019099
0.2067064,-6.78208762e-06,0.36940848999999987
0.2067114,-6.54347509e-06,0.36858568999999974
0.2067164,-6.28474927e-06,0.36772508000000004
0.2067214,-6.00670315e-06,0.3668292900000003
0.2067264,-5.71019354e-06,0.36590103000000007
0.2067314,-5.39613154e-06,0.3649431300000001
0.2067364,-5.06548166e-06,0.3639585000000001
0.2067414,-4.71926299e-06,0.3629501500000001
0.2067464,-4.35853707e-06,0.36192117
0.2067514,-3.98441452e-06,0.36087468
0.2067564,-3.59804516e-06,0.3598139
0.2067614,-3.2006173e-06,0.35874207999999985
0.2067664,-2.79335268e-06,0.3576625
0.2067714,-2.37750084e-06,0.35657848000000003
0.2067764,-1.95434361e-06,0.35549335000000015
0.2067814,-1.52518063e-06,0.35441045999999976
0.2067864,-1.09132952e-06,0.35333313
0.2067914,-6.54126055e-07,0.3522646999999999
0.2067964,-2.1491375e-07,0.3512084699999998
0.2068014,2.2495753e-07,0.3501676899999999
0.2068064,6.64136889e-07,0.34914559
0.2068114,1.10127239e-06,0.3481453400000001
0.2068164,1.53502068e-06,0.3471700500000001
0.2068214,1.96404905e-06,0.34622274
0.2068264,2.38704029e-06,0.34530635
0.2068314,2.80269188e-06,0.34442372999999993
0.2068364,3.20972514e-06,0.34357762999999975
0.2068414,3.60689354e-06,0.3427706899999998
0.2068464,3.99297201e-06,0.34200540999999984
0.2068514,4.366777e-06,0.34128420000000004
0.2068564,4.72715777e-06,0.3406093000000001
0.2068614,5.07300669e-06,0.3399828100000002
0.2068664,5.40326296e-06,0.3394066899999999
0.2068714,5.71690949e-06,0.3388827599999997
0.2068764,6.0129823e-06,0.3384126299999999
0.2068814,6.29057359e-06,0.33799778999999996
0.2068864,6.54882787e-06,0.33763951999999975
0.2068914,6.78695231e-06,0.3373389499999999
0.2068964,7.00421711e-06,0.33709701000000014
0.2069014,7.1999518e-06,0.3369144700000002
0.2069064,7.37355753e-06,0.33679189
0.2069114,7.52449888e-06,0.3367296499999999
0.2069164,7.65231391e-06,0.3367279300000001
0.2069214,7.75661024e-06,0.3367867499999999
0.2069264,7.83706398e-06,0.3369059000000001
0.2069314,7.89343238e-06,0.33708501999999996
0.2069364,7.9255411e-06,0.3373235400000001
0.2069414,7.93328977e-06,0.3376206999999998
0.2069464,7.91665805e-06,0.33797558000000016
0.2069514,7.8756953e-06,0.33838705000000013
0.2069564,7.81052866e-06,0.33885381000000003
0.2069614,7.72135678e-06,0.3393744099999998
0.2069664,7.60845749e-06,0.33994720999999983
0.2069714,7.4721757e-06,0.34057041999999993
0.2069764,7.31293063e-06,0.34124208
0.2069814,7.13121225e-06,0.3419601099999998
0.2069864,6.92757957e-06,0.34272223999999984
0.2069914,6.70265973e-06,0.34352611999999993
0.2069964,6.45714366e-06,0.34436922999999986
0.2070014,6.19178417e-06,0.34524891999999996
0.2070064,5.90739876e-06,0.34616250000000015
0.2070114,5.60486466e-06,0.3471070999999999
0.2070164,5.28510673e-06,0.34807979999999983
0.2070214,4.94911058e-06,0.3490775799999999
0.2070264,4.59790939e-06,0.3500973500000002
0.2070314,4.23258225e-06,0.35113596000000014
0.2070364,3.85425138e-06,0.3521901900000002
0.2070414,3.46408209e-06,0.3532567999999998
0.2070464,3.06327149e-06,0.35433250000000016
0.2070514,2.65305304e-06,0.35541396999999986
0.2070564,2.23468783e-06,0.3564978799999998
0.2070614,1.80946014e-06,0.35758091000000003
0.2070664,1.37867956e-06,0.35865975000000017
0.2070714,9.43667119e-07,0.35973107000000004
0.2070764,5.05762671e-07,0.36079159999999977
0.2070814,6.6311878e-08,0.3618381100000001
0.2070864,-3.73335657e-07,0.3628673899999999
0.2070914,-8.1182719e-07,0.36387630999999976
0.2070964,-1.24781794e-06,0.36486178000000025
0.2071014,-1.67996386e-06,0.36582081999999994
0.2071064,-2.10693695e-06,0.3667505
0.2071114,-2.52742906e-06,0.36764799000000026
0.2071164,-2.94014343e-06,0.3685105799999999
0.2071214,-3.34381344e-06,0.36933565
0.2071264,-3.73719884e-06,0.37012069000000003
0.2071314,-4.11908955e-06,0.37086332999999994
0.2071364,-4.48831126e-06,0.3715613299999998
0.2071414,-4.84373079e-06,0.3722125599999999
0.2071464,-5.1842557e-06,0.37281505999999975
0.2071514,-5.50883812e-06,0.3733670199999999
0.2071564,-5.81648057e-06,0.37386675999999985
0.2071614,-6.10623768e-06,0.3743127800000001
0.2071664,-6.37721993e-06,0.3747037099999999
0.2071714,-6.62859399e-06,0.37503841000000016
0.2071764,-6.85958849e-06,0.37531583999999985
0.2071814,-7.06949115e-06,0.3755351600000001
0.2071864,-7.25765913e-06,0.3756957299999999
0.2071914,-7.4235119e-06,0.3757970399999999
0.2071964,-7.56654152e-06,0.37583878999999976
0.2072014,-7.68630921e-06,0.37582086000000015
0.2072064,-7.78244598e-06,0.37574328999999995
0.2072114,-7.85465751e-06,0.3756063000000003
0.2072164,-7.90271879e-06,0.37541033000000024
0.2072214,-7.92648626e-06,0.3751559499999999
0.2072264,-7.92588584e-06,0.37484390999999984
0.2072314,-7.90091844e-06,0.3744751799999999
0.2072364,-7.85166245e-06,0.3740508200000001
0.2072414,-7.77826787e-06,0.37357216000000015
0.2072464,-7.68096328e-06,0.37304060000000017
0.2072514,-7.56004513e-06,0.37245777999999974
0.2072564,-7.41588634e-06,0.3718254200000002
0.2072614,-7.24893143e-06,0.37114546000000015
0.2072664,-7.05969226e-06,0.37041992999999995
0.2072714,-6.84875164e-06,0.36965104999999987
0.2072764,-6.61675729e-06,0.36884114
0.2072814,-6.36442292e-06,0.3679926400000002
0.2072864,-6.09252518e-06,0.3671081500000002
0.2072914,-5.80189868e-06,0.3661903500000001
0.2072964,-5.49343861e-06,0.36524202000000017
0.2073014,-5.16809222e-06,0.3642660500000001
0.2073064,-4.82685947e-06,0.3632654299999998
0.2073114,-4.4707909e-06,0.3622432099999999
0.2073164,-4.10097869e-06,0.36120251000000003
0.2073214,-3.71856271e-06,0.3601464999999999
0.2073264,-3.32471814e-06,0.3590784399999998
0.2073314,-2.92065216e-06,0.35800159
0.2073364,-2.50761045e-06,0.3569192499999998
0.2073414,-2.08686319e-06,0.35583476
0.2073464,-1.65970168e-06,0.35475144999999975
0.2073514,-1.22743986e-06,0.35367265000000003
0.2073564,-7.91407027e-07,0.35260171000000007
0.2073614,-3.52941207e-07,0.35154191999999984
0.2073664,8.66065613e-08,0.3504965499999999
0.2073714,5.25886496e-07,0.3494688600000002
0.2073764,9.63547815e-07,0.34846200000000005
0.2073814,1.39824647e-06,0.34747912000000003
0.2073864,1.82864544e-06,0.34652327000000005
0.2073914,2.25342293e-06,0.34559739
0.2073964,2.67127135e-06,0.34470438999999997
0.2074014,3.08090707e-06,0.34384702999999983
0.2074064,3.4810724e-06,0.34302798
0.2074114,3.87053455e-06,0.34224981
0.2074164,4.24810023e-06,0.34151493
0.2074214,4.61260565e-06,0.34082565
0.2074264,4.96293296e-06,0.3401840999999999
0.2074314,5.29800347e-06,0.33959231
0.2074364,5.616789e-06,0.3390521000000002
0.2074414,5.91830865e-06,0.33856518
0.2074464,6.20163591e-06,0.3381330699999998
0.2074514,6.46590087e-06,0.3377570999999999
0.2074564,6.71029154e-06,0.3374384800000001
0.2074614,6.93405806e-06,0.3371781600000001
0.2074664,7.13650957e-06,0.3369770000000001
0.2074714,7.3170263e-06,0.3368356000000001
0.2074764,7.47505494e-06,0.3367544
0.2074814,7.61010723e-06,0.3367336400000003
0.2074864,7.72176887e-06,0.3367734199999999
0.2074914,7.8096982e-06,0.33687357000000007
0.2074964,7.87362441e-06,0.33703379999999994
0.2075014,7.91335094e-06,0.33725357999999983
0.2075064,7.92875694e-06,0.33753221999999994
0.2075114,7.91979484e-06,0.33786886000000016
0.2075164,7.88649242e-06,0.33826241999999995
0.2075214,7.82895314e-06,0.33871168000000007
0.2075264,7.74735268e-06,0.3392152199999998
0.2075314,7.64194304e-06,0.33977146000000014
0.2075364,7.51304886e-06,0.3403786499999999
0.2075414,7.36106544e-06,0.34103490000000014
0.2075464,7.18646214e-06,0.34173816999999995
0.2075514,6.98977363e-06,0.34248623
0.2075564,6.77160473e-06,0.34327678000000006
0.2075614,6.53262906e-06,0.34410732
0.2075664,6.27357935e-06,0.3449752899999998
0.2075714,5.99525158e-06,0.34587798000000003
0.2075764,5.69850174e-06,0.3468125700000002
0.2075814,5.3842445e-06,0.3477761799999999
0.2075864,5.05344306e-06,0.34876580999999995
0.2075914,4.70711459e-06,0.34977840000000016
0.2075964,4.34632606e-06,0.35081079999999987
0.2076014,3.97218395e-06,0.3518598500000001
0.2076064,3.58584134e-06,0.35292228000000025
0.2076114,3.18848133e-06,0.35399484000000014
0.2076164,2.78132968e-06,0.3550742
0.2076214,2.36563808e-06,0.3561570599999999
0.2076264,1.94267942e-06,0.35724007999999974
0.2076314,1.51375914e-06,0.35831995000000005
0.2076364,1.08019224e-06,0.3593933600000001
0.2076414,6.43313411e-07,0.3604569900000001
0.2076464,2.04464568e-07,0.36150764000000013
0.2076514,-2.35004559e-07,0.3625420599999998
0.2076564,-6.73744208e-07,0.3635571100000001
0.2076614,-1.11040454e-06,0.36454969000000026
0.2076664,-1.54364322e-06,0.3655167800000001
0.2076714,-1.9721322e-06,0.3664554400000002
0.2076764,-2.39454982e-06,0.3673628200000001
0.2076814,-2.8095997e-06,0.3682361500000002
0.2076864,-3.21600694e-06,0.36907279000000015
0.2076914,-3.61252165e-06,0.3698702199999999
0.2076964,-3.99792498e-06,0.37062598999999996
0.2077014,-4.37103286e-06,0.3713378300000001
0.2077064,-4.73069716e-06,0.37200358999999983
0.2077114,-5.07581416e-06,0.37262126000000007
0.2077164,-5.40532269e-06,0.37318896
0.2077214,-5.71820908e-06,0.3737049800000001
0.2077264,-6.01351418e-06,0.3741677700000001
0.2077314,-6.29032805e-06,0.37457592000000006
0.2077364,-6.54779993e-06,0.37492820999999976
0.2077414,-6.78514042e-06,0.37522356999999995
0.2077464,-7.00161878e-06,0.3754611000000001
0.2077514,-7.19656862e-06,0.37564010000000003
0.2077564,-7.36939445e-06,0.37576001000000003
0.2077614,-7.51956294e-06,0.37582046999999985
0.2077664,-7.64661234e-06,0.37582132
0.2077714,-7.75015341e-06,0.3757625199999999
0.2077764,-7.82986757e-06,0.3756442500000001
0.2077814,-7.88550972e-06,0.37546688000000006
0.2077864,-7.91690874e-06,0.3752309199999999
0.2077914,-7.92396914e-06,0.3749370999999999
0.2077964,-7.9066696e-06,0.3745862900000001
0.2078014,-7.86506331e-06,0.3741795400000001
0.2078064,-7.79927713e-06,0.37371807999999995
0.2078114,-7.70951558e-06,0.37320328999999997
0.2078164,-7.59605401e-06,0.3726367399999997
0.2078214,-7.45924007e-06,0.37202011999999995
0.2078264,-7.29949709e-06,0.37135531
0.2078314,-7.11731408e-06,0.3706443100000001
0.2078364,-6.91325149e-06,0.3698892600000001
0.2078414,-6.68793786e-06,0.36909246000000007
0.2078464,-6.44206619e-06,0.36825633000000013
0.2078514,-6.17639143e-06,0.3673833900000001
0.2078564,-5.89172966e-06,0.36647629999999976
0.2078614,-5.58895858e-06,0.3655378200000001
0.2078664,-5.26900878e-06,0.3645708099999998
0.2078714,-4.9328604e-06,0.3635782099999998
0.2078764,-4.58154962e-06,0.3625630499999999
0.2078814,-4.2161579e-06,0.3615284299999999
0.2078864,-3.83780563e-06,0.3604775200000001
0.2078914,-3.44765836e-06,0.35941351999999993
0.2078964,-3.04691286e-06,0.35833972000000003
0.2079014,-2.63680354e-06,0.35725939000000007
0.2079064,-2.21858989e-06,0.35617586999999973
0.2079114,-1.79355683e-06,0.35509247
0.2079164,-1.36301345e-06,0.35401254000000004
0.2079214,-9.2828175e-07,0.35293942
0.2079264,-4.90697844e-07,0.3518764000000003
0.2079314,-5.1606471e-08,0.3508267799999998
0.2079364,3.87640705e-07,0.3497937900000001
0.2079414,8.25696061e-07,0.34878065000000014
0.2079464,1.26121141e-06,0.34779048999999995
0.2079514,1.69284775e-06,0.34682639000000015
0.2079564,2.11928049e-06,0.3458913399999999
0.2079614,2.53919629e-06,0.34498821999999985
0.2079664,2.9513051e-06,0.34411988000000004
0.2079714,3.35434151e-06,0.34328901999999983
0.2079764,3.74706704e-06,0.34249819999999986
0.2079814,4.12827307e-06,0.34174989999999994
0.2079864,4.49678681e-06,0.34104646000000005
0.2079914,4.85147816e-06,0.34039007999999993
0.2079964,5.19125759e-06,0.3397827900000001
0.2080014,5.51507786e-06,0.33922651000000004
0.2080064,5.82194639e-06,0.33872296999999985
0.2080114,6.11091947e-06,0.33827372999999983
0.2080164,6.3811089e-06,0.3378802099999998
0.2080214,6.63168259e-06,0.33754364000000003
0.2080264,6.86187351e-06,0.33726506
0.2080314,7.07097352e-06,0.3370453499999999
0.2080364,7.25833877e-06,0.3368852
0.2080414,7.42339656e-06,0.3367850899999998
0.2080464,7.56563518e-06,0.33674534
0.2080514,7.68462188e-06,0.3367660800000001
0.2080564,7.77998966e-06,0.33684723000000005
0.2080614,7.85144607e-06,0.33698852
0.2080664,7.89877035e-06,0.3371895100000002
0.2080714,7.92181857e-06,0.3374495799999999
0.2080764,7.92052102e-06,0.33776790000000023
0.2080814,7.89487872e-06,0.3381434600000002
0.2080864,7.8449755e-06,0.3385750900000002
0.2080914,7.77096234e-06,0.3390614199999997
0.2080964,7.67306603e-06,0.3396009500000001
0.2081014,7.55158947e-06,0.34019196000000007
0.2081064,7.40690495e-06,0.34083262000000003
0.2081114,7.23945973e-06,0.3415209199999998
0.2081164,7.04976746e-06,0.3422547100000002
0.2081214,6.8384109e-06,0.3430316900000001
0.2081264,6.60603953e-06,0.3438494300000001
0.2081314,6.35337007e-06,0.34470541
0.2081364,6.08117678e-06,0.3455969400000001
0.2081414,5.7902982e-06,0.34652125999999983
0.2081464,5.48162856e-06,0.3474754900000001
0.2081514,5.1561148e-06,0.3484566699999998
0.2081564,4.81476059e-06,0.34946178000000017
0.2081614,4.45861406e-06,0.35048769
0.2081664,4.0887707e-06,0.35153122000000003
0.2081714,3.70636533e-06,0.35258915999999996
0.2081764,3.31257556e-06,0.35365825000000006
0.2081814,2.90860958e-06,0.35473518000000004
0.2081864,2.49571144e-06,0.3558166600000001
0.2081914,2.07515112e-06,0.35689934999999995
0.2081964,1.64821753e-06,0.3579799199999998
0.2082014,1.21622684e-06,0.35905507000000014
0.2082064,7.80506375e-07,0.3601215000000002
0.2082114,3.42392588e-07,0.36117595
0.2082164,-9.67651263e-08,0.36221520000000007
0.2082214,-5.35617768e-07,0.36323607000000013
0.2082264,-9.72816975e-07,0.36423545
0.2082314,-1.40701607e-06,0.3652103000000002
0.2082364,-1.83688453e-06,0.3661576500000001
0.2082414,-2.26109928e-06,0.36707462000000013
0.2082464,-2.6783555e-06,0.36795842999999984
0.2082514,-3.08737292e-06,0.3688063800000001
0.2082564,-3.48689281e-06,0.3696159099999998
0.2082614,-3.87568755e-06,0.3703845800000001
0.2082664,-4.25256095e-06,0.3711100399999998
0.2082714,-4.61635661e-06,0.3717901100000003
0.2082764,-4.96595739e-06,0.3724227400000002
0.2082814,-5.3002862e-06,0.37300600000000017
0.2082864,-5.61831529e-06,0.37353813000000025
0.2082914,-5.91906934e-06,0.37401752999999993
0.2082964,-6.20162304e-06,0.37444275000000005
0.2083014,-6.46510817e-06,0.37481250999999993
0.2083064,-6.70871512e-06,0.37512568999999996
0.2083114,-6.9316956e-06,0.3753813399999999
0.2083164,-7.13336354e-06,0.3755786999999997
0.2083214,-7.31309971e-06,0.3757171399999999
0.2083264,-7.47035209e-06,0.3757962899999998
0.2083314,-7.60463545e-06,0.3758158700000003
0.2083364,-7.71554004e-06,0.37577583999999997
0.2083414,-7.80272403e-06,0.3756763099999998
0.2083464,-7.86591984e-06,0.3755175599999998
0.2083514,-7.90493313e-06,0.3753000900000001
0.2083564,-7.9196435e-06,0.37502453999999985
0.2083614,-7.91000742e-06,0.3746917299999999
0.2083664,-7.87605485e-06,0.37430268
0.2083714,-7.81788836e-06,0.3738585400000003
0.2083764,-7.7356892e-06,0.37336067000000006
0.2083814,-7.6297078e-06,0.37281054000000013
0.2083864,-7.50027243e-06,0.37220982999999985
0.2083914,-7.34778188e-06,0.3715603500000002
0.2083964,-7.17270184e-06,0.37086405
0.2084014,-6.9755721e-06,0.37012305999999984
0.2084064,-6.75699949e-06,0.3693396
0.2084114,-6.51765617e-06,0.36851605
0.2084164,-6.2582776e-06,0.3676549200000001
0.2084214,-5.97966211e-06,0.36675882000000026
0.2084264,-5.68266489e-06,0.3658304499999998
0.2084314,-5.36819996e-06,0.36487267
0.2084364,-5.03723364e-06,0.3638883799999999
0.2084414,-4.69078309e-06,0.3628805800000001
0.2084464,-4.32991494e-06,0.36185235000000016
0.2084514,-3.95573777e-06,0.36080683999999996
0.2084564,-3.56940127e-06,0.3597472399999999
0.2084614,-3.17209526e-06,0.35867680999999974
0.2084664,-2.76503965e-06,0.35759882
0.2084714,-2.34948342e-06,0.3565165899999998
0.2084764,-1.92670784e-06,0.3554334399999999
0.2084814,-1.49801063e-06,0.3543527100000001
0.2084864,-1.06471067e-06,0.35327773000000007
0.2084914,-6.28139322e-07,0.3522118099999998
0.2084964,-1.89637677e-07,0.35115823999999995
0.2085014,2.49443234e-07,0.3501203099999999
0.2085064,6.87757359e-07,0.34910119000000006
0.2085114,1.12395596e-06,0.3481040700000002
0.2085164,1.55669731e-06,0.34713203000000026
0.2085214,1.98465312e-06,0.34618809000000006
0.2085264,2.40650722e-06,0.34527516999999985
0.2085314,2.82096136e-06,0.34439613999999996
0.2085364,3.22674321e-06,0.3435536899999998
0.2085414,3.62260609e-06,0.3427505000000002
0.2085464,4.00733255e-06,0.3419890299999999
0.2085514,4.37973996e-06,0.3412716800000002
0.2085564,4.73868356e-06,0.34060066999999994
0.2085614,5.08306123e-06,0.33997809999999995
0.2085664,5.4118138e-06,0.3394059300000001
0.2085714,5.72393083e-06,0.33888593999999994
0.2085764,6.01845276e-06,0.33841973999999997
0.2085814,6.2944754e-06,0.33800881000000005
0.2085864,6.55115084e-06,0.3376544199999998
0.2085914,6.78768955e-06,0.33735769000000015
0.2085964,7.00336474e-06,0.33711952999999983
0.2086014,7.19751385e-06,0.3369406899999998
0.2086064,7.3695404e-06,0.33682173000000004
0.2086114,7.51891617e-06,0.3367630199999998
0.2086164,7.64518269e-06,0.33676473000000007
0.2086214,7.74795129e-06,0.33682685999999995
0.2086264,7.82690556e-06,0.3369492100000002
0.2086314,7.88180492e-06,0.3371313800000002
0.2086364,7.91247948e-06,0.3373728100000002
0.2086414,7.91883678e-06,0.33767273
0.2086464,7.9008563e-06,0.33803019
0.2086514,7.85859321e-06,0.3384440799999999
0.2086564,7.79218003e-06,0.33891309000000014
0.2086614,7.70181804e-06,0.3394357499999998
0.2086664,7.58778653e-06,0.34001042999999975
0.2086714,7.45043822e-06,0.3406353
0.2086764,7.29019405e-06,0.34130843999999994
0.2086814,7.10754571e-06,0.3420277300000001
0.2086864,6.90305638e-06,0.3427909199999999
0.2086914,6.67735382e-06,0.34359564
0.2086964,6.43113324e-06,0.34443937000000013
0.2087014,6.16515098e-06,0.3453194799999999
0.2087064,5.88022391e-06,0.3462332499999998
0.2087114,5.57722995e-06,0.34717781999999997
0.2087164,5.25709877e-06,0.3481502799999998
0.2087214,4.92081509e-06,0.3491475999999998
0.2087264,4.56941416e-06,0.3501666900000002
0.2087314,4.20397446e-06,0.3512044099999998
0.2087364,3.82561937e-06,0.35225753999999987
0.2087414,3.43551284e-06,0.35332284000000014
0.2087464,3.03485379e-06,0.3543970300000001
0.2087514,2.62487396e-06,0.3554767900000002
0.2087564,2.20683389e-06,0.3565588000000002
0.2087614,1.78201676e-06,0.3576397600000001
0.2087664,1.35173071e-06,0.3587163299999998
0.2087714,9.17297453e-07,0.35978522
0.2087764,4.80052617e-07,0.36084315999999994
0.2087814,4.13402491e-08,0.3618869100000002
0.2087864,-3.97491848e-07,0.3629132800000001
0.2087914,-8.35095229e-07,0.36391914999999986
0.2087964,-1.27012281e-06,0.36490146
0.2088014,-1.70123932e-06,0.36585719999999977
0.2088064,-2.12711854e-06,0.36678347999999983
0.2088114,-2.54645184e-06,0.36767747000000006
0.2088164,-2.9579526e-06,0.3685364700000002
0.2088214,-3.36035194e-06,0.36935786999999975
0.2088264,-3.75241588e-06,0.3701391799999998
0.2088314,-4.13293783e-06,0.37087804
0.2088364,-4.50074916e-06,0.37157220000000013
0.2088414,-4.85471914e-06,0.37221957000000017
0.2088464,-5.19376159e-06,0.3728181899999998
0.2088514,-5.51683133e-06,0.37336626000000006
0.2088564,-5.82293733e-06,0.3738621099999999
0.2088614,-6.1111373e-06,0.3743042499999998
0.2088664,-6.38054771e-06,0.37469135
0.2088714,-6.63034146e-06,0.3750222299999999
0.2088764,-6.85974706e-06,0.3752959
0.2088814,-7.06806317e-06,0.37551153000000026
0.2088864,-7.25464532e-06,0.37566845999999976
0.2088914,-7.418925e-06,0.3757662300000002
0.2088964,-7.56039465e-06,0.37580453999999985
0.2089014,-7.67861954e-06,0.3757832600000002
0.2089064,-7.77323962e-06,0.3757024600000003
0.2089114,-7.84396019e-06,0.37556237999999986
0.2089164,-7.89056602e-06,0.3753634199999998
0.2089214,-7.91291357e-06,0.37510620000000006
0.2089264,-7.91093423e-06,0.37479149999999994
0.2089314,-7.88463646e-06,0.3744202299999999
0.2089364,-7.83409939e-06,0.37399354000000007
0.2089414,-7.75947711e-06,0.37351267999999993
0.2089464,-7.66100039e-06,0.37297913000000005
0.2089514,-7.53897366e-06,0.37239449000000024
0.2089564,-7.39377203e-06,0.3717605099999999
0.2089614,-7.22584074e-06,0.3710791200000001
0.2089664,-7.03569678e-06,0.3703523799999999
0.2089714,-6.82392447e-06,0.36958248000000005
0.2089764,-6.59117434e-06,0.36877176
0.2089814,-6.33816382e-06,0.36792268000000017
0.2089864,-6.06566999e-06,0.36703779999999986
0.2089914,-5.7745297e-06,0.36611982
0.2089964,-5.46564022e-06,0.3651715500000001
0.2090014,-5.13995056e-06,0.36419584999999977
0.2090064,-4.7984599e-06,0.36319570999999984
0.2090114,-4.44221952e-06,0.36217418000000023
0.2090164,-4.07232615e-06,0.3611343800000002
0.2090214,-3.68991533e-06,0.3600795000000001
0.2090264,-3.29616374e-06,0.35901274000000005
0.2090314,-2.89227989e-06,0.35793741999999984
0.2090364,-2.47950599e-06,0.35685681
0.2090414,-2.05911297e-06,0.35577422999999975
0.2090464,-1.63239182e-06,0.3546930300000002
0.2090514,-1.20065371e-06,0.3536165200000001
0.2090564,-7.65226478e-07,0.3525480299999999
0.2090614,-3.27448274e-07,0.3514908700000001
0.2090664,1.1133537e-07,0.3504482999999998
0.2090714,5.49775068e-07,0.34942353000000015
0.2090764,9.86521488e-07,0.34841975999999986
0.2090814,1.4202358e-06,0.34744008999999987
0.2090864,1.84958389e-06,0.3464875599999999
0.2090914,2.2732439e-06,0.34556513
0.2090964,2.68991485e-06,0.34467566999999977
0.2091014,3.09831575e-06,0.34382195000000015
0.2091064,3.49719273e-06,0.3430066199999997
0.2091114,3.88531839e-06,0.3422322400000002
0.2091164,4.26150056e-06,0.34150119
0.2091214,4.6245817e-06,0.3408157900000002
0.2091264,4.97344841e-06,0.34017817000000017
0.2091314,5.30702577e-06,0.33959028999999985
0.2091364,5.62429039e-06,0.3390540399999997
0.2091414,5.92426629e-06,0.33857104000000016
0.2091464,6.20603261e-06,0.3381428500000001
0.2091514,6.46872257e-06,0.33777078000000027
0.2091564,6.71152862e-06,0.3374560000000002
0.2091614,6.93370749e-06,0.33719948
0.2091664,7.13457283e-06,0.3370020399999998
0.2091714,7.31350852e-06,0.3368642799999999
0.2091764,7.46996775e-06,0.33678664000000014
0.2091814,7.60346613e-06,0.33676936000000013
0.2091864,7.71359405e-06,0.3368124800000001
0.2091914,7.80001512e-06,0.33691585999999996
0.2091964,7.86246416e-06,0.33707917
0.2092014,7.90074718e-06,0.33730190999999987
0.2092064,7.91474782e-06,0.3375833600000002
0.2092114,7.90442331e-06,0.33792264000000016
0.2092164,7.86980654e-06,0.33831868
0.2092214,7.81100371e-06,0.33877022999999973
0.2092264,7.72819473e-06,0.3392758899999999
0.2092314,7.62163649e-06,0.33983406000000005
0.2092364,7.49165524e-06,0.3404429899999999
0.2092414,7.33865203e-06,0.3411007799999999
0.2092464,7.16309522e-06,0.3418053700000001
0.2092514,6.96552679e-06,0.3425545499999998
0.2092564,6.74655346e-06,0.3433460100000003
0.2092614,6.50684934e-06,0.34417724999999977
0.2092664,6.24714982e-06,0.34504568999999985
0.2092714,5.96825539e-06,0.34594864000000025
0.2092764,5.67102209e-06,0.3468832799999999
0.2092814,5.35636365e-06,0.34784671999999994
0.2092864,5.02524713e-06,0.34883595
0.2092914,4.67869214e-06,0.34984793000000014
0.2092964,4.31776303e-06,0.3508795199999999
0.2093014,3.9435686e-06,0.35192752999999977
0.2093064,3.5572613e-06,0.3529887199999997
0.2093114,3.1600247e-06,0.3540598300000002
0.2093164,2.75308424e-06,0.3551375499999998
0.2093214,2.33768934e-06,0.3562185699999998
0.2093264,1.91511657e-06,0.3572995700000001
0.2093314,1.48666426e-06,0.3583772299999999
0.2093364,1.05364851e-06,0.35944825
0.2093414,6.17403899e-07,0.36050934999999984
0.2093464,1.79269231e-07,0.36155728
0.2093514,-2.59408847e-07,0.3625888500000001
0.2093564,-6.97282774e-07,0.3636009000000002
0.2093614,-1.13300469e-06,0.36459034999999984
0.2093664,-1.5652372e-06,0.36555420000000005
0.2093714,-1.99265062e-06,0.3664894900000002
0.2093764,-2.41393021e-06,0.36739338999999993
0.2093814,-2.82778435e-06,0.36826316999999986
0.2093864,-3.23293872e-06,0.36909616
0.2093914,-3.62814859e-06,0.3698898799999999
0.2093964,-4.01219792e-06,0.37064189000000014
0.2094014,-4.38390817e-06,0.37134991000000017
0.2094064,-4.74213697e-06,0.37201181999999977
0.2094114,-5.08578191e-06,0.37262561000000005
0.2094164,-5.41378759e-06,0.3731894199999999
0.2094214,-5.72514529e-06,0.37370155000000027
0.2094264,-6.01889938e-06,0.37416046999999986
0.2094314,-6.2941482e-06,0.3745647700000001
0.2094364,-6.55004161e-06,0.37491322999999976
0.2094414,-6.78579626e-06,0.3752048199999998
0.2094464,-7.00068748e-06,0.37543864000000005
0.2094514,-7.19405362e-06,0.37561398999999995
0.2094564,-7.36530255e-06,0.3757303300000001
0.2094614,-7.51390563e-06,0.3757873199999999
0.2094664,-7.63940846e-06,0.3757847799999998
0.2094714,-7.74142391e-06,0.3757227200000002
0.2094764,-7.81964069e-06,0.3756013
0.2094814,-7.87381666e-06,0.37542092000000027
0.2094864,-7.90378372e-06,0.37518209999999996
0.2094914,-7.90945479e-06,0.37488553999999996
0.2094964,-7.89080994e-06,0.37453215000000006
0.2095014,-7.847906e-06,0.374123
0.2095064,-7.7808752e-06,0.3736592999999997
0.2095114,-7.68992527e-06,0.3731424699999999
0.2095164,-7.57533627e-06,0.3725740300000002
0.2095214,-7.43745848e-06,0.37195573999999976
0.2095264,-7.27671792e-06,0.37128943999999975
0.2095314,-7.09360769e-06,0.37057715000000013
0.2095364,-6.88869082e-06,0.36982102000000006
0.2095414,-6.66259862e-06,0.3690233500000002
0.2095464,-6.41602494e-06,0.36818655999999983
0.2095514,-6.1497286e-06,0.36731316999999986
0.2095564,-5.86452932e-06,0.36640585000000003
0.2095614,-5.56130139e-06,0.36546736
0.2095664,-5.24097931e-06,0.3645005399999999
0.2095714,-4.90454776e-06,0.36350835000000026
0.2095764,-4.55303914e-06,0.36249381999999986
0.2095814,-4.18753582e-06,0.36146002999999993
0.2095864,-3.80916241e-06,0.3604101700000002
0.2095914,-3.41908102e-06,0.35934743999999985
0.2095964,-3.01848873e-06,0.35827509
0.2096014,-2.60862053e-06,0.3571964300000001
0.2096064,-2.19073403e-06,0.3561147600000001
0.2096114,-1.76611483e-06,0.3550334099999999
0.2096164,-1.33606858e-06,0.3539557099999999
0.2096214,-9.01916333e-07,0.35288498999999995
0.2096264,-4.64993889e-07,0.35182453999999996
0.2096314,-2.66422084e-08,0.3507776599999999
0.2096364,4.1178807e-07,0.3497475600000002
0.2096414,8.48952526e-07,0.34873745999999994
0.2096464,1.28350565e-06,0.34775047000000003
0.2096514,1.71411125e-06,0.34678965000000006
0.2096564,2.13944759e-06,0.345858
0.2096614,2.55820575e-06,0.3449584000000001
0.2096664,2.96909836e-06,0.34409368000000007
0.2096714,3.37086555e-06,0.34326650000000014
0.2096764,3.76226708e-06,0.3424794400000002
0.2096814,4.14210522e-06,0.3417349700000001
0.2096864,4.50920967e-06,0.34103539000000027
0.2096914,4.86245071e-06,0.3403829100000002
0.2096964,5.20074803e-06,0.3397795499999998
0.2097014,5.52305735e-06,0.3392272099999998
0.2097064,5.8283903e-06,0.3387275999999999
0.2097114,6.11580664e-06,0.33828229
0.2097164,6.38442483e-06,0.33789267000000023
0.2097214,6.6334193e-06,0.3375599499999997
0.2097264,6.86202327e-06,0.3372851800000001
0.2097314,7.06953675e-06,0.33706921999999984
0.2097364,7.25532065e-06,0.33691274000000004
0.2097414,7.41880453e-06,0.3368162200000002
0.2097464,7.55948615e-06,0.3367799699999998
0.2097514,7.67693328e-06,0.3368040700000001
0.2097564,7.77078504e-06,0.3368884799999998
0.2097614,7.8407533e-06,0.3370329099999998
0.2097664,7.88662435e-06,0.3372369100000001
0.2097714,7.90825594e-06,0.33749982999999983
0.2097764,7.90558314e-06,0.33782083000000007
0.2097814,7.87861298e-06,0.3381989200000002
0.2097864,7.82742968e-06,0.3386328999999999
0.2097914,7.75219028e-06,0.3391214200000001
0.2097964,7.65312652e-06,0.33966293000000003
0.2098014,7.53054469e-06,0.3402557399999999
0.2098064,7.38481951e-06,0.3408979999999999
0.2098114,7.21639999e-06,0.3415876899999999
0.2098164,7.02580578e-06,0.34232266
0.2098214,6.81361994e-06,0.3431006099999998
0.2098264,6.58049641e-06,0.34391912999999996
0.2098314,6.32715307e-06,0.3447756500000001
0.2098364,6.05436631e-06,0.34566750999999996
0.2098414,5.76297824e-06,0.34659193
0.2098464,5.45388273e-06,0.34754606
0.2098514,5.12802753e-06,0.34852691999999985
0.2098564,4.78641791e-06,0.3495314799999998
0.2098614,4.43010383e-06,0.35055663000000004
0.2098664,4.06017886e-06,0.35159921000000005
0.2098714,3.67778269e-06,0.35265598
0.2098764,3.28408801e-06,0.3537236799999999
0.2098814,2.88030656e-06,0.35479903999999984
0.2098864,2.46767873e-06,0.35587873000000014
0.2098914,2.04747384e-06,0.35695944999999996
0.2098964,1.62098413e-06,0.35803788000000014
0.2099014,1.18951802e-06,0.3591107
0.2099064,7.54405396e-07,0.36017465000000004
0.2099114,3.1698067e-07,0.3612264300000001
0.2099164,-1.21410454e-07,0.3622628699999999
0.2099214,-5.59421021e-07,0.3632807899999999
0.2099264,-9.95704382e-07,0.3642770799999999
0.2099314,-1.4289195e-06,0.3652487200000001
0.2099364,-1.85773429e-06,0.36619274
0.2099414,-2.28083122e-06,0.36710627000000007
0.2099464,-2.69691004e-06,0.36798654
0.2099514,-3.10469281e-06,0.36883089000000013
0.2099564,-3.50292435e-06,0.3696367300000001
0.2099614,-3.89038118e-06,0.37040165999999974
0.2099664,-4.26587243e-06,0.3711233199999999
0.2099714,-4.62824462e-06,0.37179955
0.2099764,-4.97638435e-06,0.3724283099999999
0.2099814,-5.30921995e-06,0.3730076800000002
0.2099864,-5.62572977e-06,0.37353592999999985
0.2099914,-5.92494065e-06,0.3740114499999998
0.2099964,-6.20593388e-06,0.37443280999999984
0.2100014,-6.46784437e-06,0.37479874000000013
0.2100064,-6.7098678e-06,0.3751081300000001
0.2100114,-6.93126317e-06,0.37536005000000006
0.2100164,-7.13134595e-06,0.37555373000000003
0.2100214,-7.30950291e-06,0.37568859999999993
0.2100264,-7.46518709e-06,0.37576423999999986
0.2100314,-7.59791884e-06,0.3757804100000002
0.2100364,-7.70729182e-06,0.37573708000000017
0.2100414,-7.79297028e-06,0.37563435999999983
0.2100464,-7.8546894e-06,0.3754725699999999
0.2100514,-7.89226109e-06,0.37525218000000016
0.2100564,-7.90556935e-06,0.3749738599999999
0.2100614,-7.89457352e-06,0.37463842999999986
0.2100664,-7.85930844e-06,0.37424692000000026
0.2100714,-7.79988136e-06,0.37380049000000004
0.2100764,-7.71647647e-06,0.37330050000000004
0.2100814,-7.60934853e-06,0.37274844000000007
0.2100864,-7.47883019e-06,0.37214599000000015
0.2100914,-7.32532043e-06,0.37149496999999987
0.2100964,-7.14929104e-06,0.3707973200000001
0.2101014,-6.9512856e-06,0.3700551799999998
0.2101064,-6.73190954e-06,0.36927079000000007
0.2101114,-6.49184145e-06,0.36844651000000006
0.2101164,-6.23181712e-06,0.36758486999999973
0.2101214,-5.95263547e-06,0.36668846
0.2101264,-5.65515681e-06,0.36576001
0.2101314,-5.34029308e-06,0.36480234999999994
0.2101364,-5.00901563e-06,0.3638184099999999
0.2101414,-4.66234204e-06,0.3628111599999999
0.2101464,-4.30133616e-06,0.3617837100000001
0.2101514,-3.92710804e-06,0.36073918000000016
0.2101564,-3.54081032e-06,0.35968078000000014
0.2101614,-3.14362875e-06,0.3586117499999999
0.2101664,-2.7367861e-06,0.35753535000000003
0.2101714,-2.32153139e-06,0.35645491000000007
0.2101764,-1.89914165e-06,0.35537375000000004
0.2101814,-1.47091484e-06,0.3542951799999998
0.2101864,-1.03816846e-06,0.3532225499999999
0.2101914,-6.02233105e-07,0.3521591500000001
0.2101964,-1.64446477e-07,0.35110827999999983
0.2102014,2.73843072e-07,0.3500731799999999
0.2102064,7.11289415e-07,0.34905704999999987
0.2102114,1.14654731e-06,0.3480630600000001
0.2102164,1.57828092e-06,0.3470942699999997
0.2102214,2.00516232e-06,0.34615368999999996
0.2102264,2.4258767e-06,0.3452442600000003
0.2102314,2.83913431e-06,0.3443687999999998
0.2102364,3.24366235e-06,0.34353002999999993
0.2102414,3.63822069e-06,0.3427305500000002
0.2102464,4.02159333e-06,0.34197288999999986
0.2102514,4.39260291e-06,0.34125939000000005
0.2102564,4.75011011e-06,0.34059227000000014
0.2102614,5.09301649e-06,0.33997363000000025
0.2102664,5.42026792e-06,0.3394053899999998
0.2102714,5.73085608e-06,0.33888933
0.2102764,6.02382896e-06,0.3384270600000001
0.2102814,6.29828619e-06,0.33802003999999997
0.2102864,6.55338526e-06,0.33766951999999995
0.2102914,6.78833887e-06,0.33737660999999997
0.2102964,7.0024284e-06,0.3371422099999999
0.2103014,7.19499574e-06,0.3369670599999999
0.2103064,7.36544714e-06,0.33685171999999985
0.2103114,7.51326052e-06,0.33679653
0.2103164,7.6379807e-06,0.3368016500000002
0.2103214,7.73922685e-06,0.3368670800000002
0.2103264,7.81668663e-06,0.3369926000000003
0.2103314,7.87012109e-06,0.3371778200000002
0.2103364,7.89936769e-06,0.33742212999999976
0.2103414,7.90433608e-06,0.33772480000000016
0.2103464,7.88501252e-06,0.33808484000000005
0.2103514,7.84145571e-06,0.33850113999999976
0.2103564,7.77379935e-06,0.3389723800000002
0.2103614,7.68225284e-06,0.33949708999999983
0.2103664,7.56709783e-06,0.34007361000000014
0.2103714,7.42868735e-06,0.34070016000000014
0.2103764,7.26744778e-06,0.34137475000000017
0.2103814,7.08387625e-06,0.34209529000000005
0.2103864,6.87853477e-06,0.3428595299999999
0.2103914,6.65205592e-06,0.34366507000000013
0.2103964,6.40513625e-06,0.3445094100000001
0.2104014,6.13853609e-06,0.34538993000000007
0.2104064,5.85307275e-06,0.34630388000000023
0.2104114,5.54962555e-06,0.3472484100000002
0.2104164,5.22912695e-06,0.3482206200000002
0.2104214,4.89256126e-06,0.34921746
0.2104264,4.54096493e-06,0.3502358600000002
0.2104314,4.17541817e-06,0.3512726799999999
0.2104364,3.79704401e-06,0.35232470000000005
0.2104414,3.40700484e-06,0.3533886900000003
0.2104464,3.00650145e-06,0.35446136000000017
0.2104514,2.59676556e-06,0.35553941
0.2104564,2.17905476e-06,0.35661951999999997
0.2104614,1.75465286e-06,0.35769838
0.2104664,1.3248667e-06,0.3587726800000002
0.2104714,8.91015896e-07,0.3598391200000002
0.2104764,4.54432198e-07,0.3608944599999999
0.2104814,1.64606755e-08,0.36193545000000027
0.2104864,-4.21552591e-07,0.36295891999999985
0.2104914,-8.58263939e-07,0.3639617500000001
0.2104964,-1.29232811e-06,0.36494088
0.2105014,-1.72241327e-06,0.36589333
0.2105064,-2.14719522e-06,0.3668161999999999
0.2105114,-2.56537112e-06,0.3677067000000003
0.2105164,-2.97565443e-06,0.36856210999999983
0.2105214,-3.37678219e-06,0.36937984999999984
0.2105264,-3.76752483e-06,0.3701574299999999
0.2105314,-4.14667868e-06,0.37089251
0.2105364,-4.51307989e-06,0.3715828400000001
0.2105414,-4.86560091e-06,0.37222636
0.2105464,-5.20316146e-06,0.3728210999999999
0.2105514,-5.5247196e-06,0.37336528
0.2105564,-5.82928996e-06,0.3738572499999999
0.2105614,-6.11593633e-06,0.37429551999999977
0.2105664,-6.38377736e-06,0.3746787899999997
0.2105714,-6.63199064e-06,0.37500586999999985
0.2105764,-6.85981164e-06,0.3752757899999999
0.2105814,-7.06654261e-06,0.3754877299999999
0.2105864,-7.25154454e-06,0.3756410499999998
0.2105914,-7.41425381e-06,0.3757352999999999
0.2105964,-7.55416634e-06,0.37577015999999985
0.2106014,-7.67085488e-06,0.37574555
0.2106064,-7.76396069e-06,0.37566151999999975
0.2106114,-7.83319581e-06,0.37551836000000005
0.2106164,-7.87834989e-06,0.3753164499999999
0.2106214,-7.89928319e-06,0.37505640000000007
0.2106264,-7.89593143e-06,0.37473903
0.2106314,-7.86830548e-06,0.3743652500000001
0.2106364,-7.8164911e-06,0.3739362100000001
0.2106414,-7.74064728e-06,0.37345320000000015
0.2106464,-7.64100592e-06,0.37291765999999993
0.2106514,-7.51787596e-06,0.37233121
0.2106564,-7.37163614e-06,0.37169563000000005
0.2106614,-7.20273392e-06,0.3710128300000002
0.2106664,-7.01168995e-06,0.3702848699999999
0.2106714,-6.79909173e-06,0.36951398
0.2106764,-6.56559256e-06,0.3687024600000002
0.2106814,-6.31191058e-06,0.36785279000000015
0.2106864,-6.03882668e-06,0.3669675499999998
0.2106914,-5.74717935e-06,0.3660494299999999
0.2106964,-5.4378653e-06,0.3651011999999998
0.2107014,-5.11183719e-06,0.3641257899999999
0.2107064,-4.77009412e-06,0.36312613000000016
0.2107114,-4.41368899e-06,0.3621053099999998
0.2107164,-4.04371892e-06,0.36106642999999994
0.2107214,-3.66131877e-06,0.36001267000000015
0.2107264,-3.26766459e-06,0.3589472599999999
0.2107314,-2.86396671e-06,0.35787347000000014
0.2107364,-2.45146583e-06,0.35679457999999986
0.2107414,-2.03143079e-06,0.35571394
0.2107464,-1.60515307e-06,0.3546348399999999
0.2107514,-1.17394346e-06,0.3535606200000001
0.2107564,-7.3912647e-07,0.35249460999999993
0.2107614,-3.02037228e-07,0.3514400700000002
0.2107664,1.35978611e-07,0.35040028999999984
0.2107714,5.73573721e-07,0.3493784699999998
0.2107764,1.00940482e-06,0.3483777699999999
0.2107814,1.44213154e-06,0.34740130999999996
0.2107864,1.87042426e-06,0.34645212000000014
0.2107914,2.2929673e-06,0.34553312999999997
0.2107964,2.70845922e-06,0.3446472199999999
0.2108014,3.1156264e-06,0.34379713000000023
0.2108064,3.51321381e-06,0.3429855199999998
0.2108114,3.90000069e-06,0.3422148999999999
0.2108164,4.27480039e-06,0.34148770000000006
0.2108214,4.63645739e-06,0.3408061800000002
0.2108264,4.98386396e-06,0.3401724599999998
0.2108314,5.3159503e-06,0.33958851999999995
0.2108364,5.63169565e-06,0.33905619
0.2108414,5.93012939e-06,0.3385771299999998
0.2108464,6.2103354e-06,0.3381528499999997
0.2108514,6.47145296e-06,0.3377846499999997
0.2108564,6.71267834e-06,0.3374736999999999
0.2108614,6.93327125e-06,0.3372209700000002
0.2108664,7.13255369e-06,0.33702725
0.2108714,7.30991272e-06,0.33689313
0.2108764,7.46480431e-06,0.33681903999999996
0.2108814,7.59675324e-06,0.33680519
0.2108864,7.70535242e-06,0.33685166
0.2108914,7.79027056e-06,0.3369582499999997
0.2108964,7.85124447e-06,0.3371246400000001
0.2109014,7.88808692e-06,0.33735031999999987
0.2109064,7.9006877e-06,0.3376345599999999
0.2109114,7.88900737e-06,0.33797646999999986
0.2109164,7.85308151e-06,0.3383749600000001
0.2109214,7.79302033e-06,0.33882879999999993
0.2109264,7.70900851e-06,0.33933656999999995
0.2109314,7.60130716e-06,0.3398966499999998
0.2109364,7.47024464e-06,0.34050729999999985
0.2109414,7.31622483e-06,0.3411666099999999
0.2109464,7.13972276e-06,0.3418725200000001
0.2109514,6.94128035e-06,0.3426228200000001
0.2109564,6.72150748e-06,0.34341515999999994
0.2109614,6.48108068e-06,0.3442470900000003
0.2109664,6.22073939e-06,0.34511599000000004
0.2109714,5.94128151e-06,0.34601919000000025
0.2109764,5.64356863e-06,0.34695386000000017
0.2109814,5.32851588e-06,0.3479171099999998
0.2109864,4.99709066e-06,0.34890593999999986
0.2109914,4.6503132e-06,0.3499173
0.2109964,4.28924887e-06,0.3509480599999999
0.2110014,3.91500823e-06,0.35199502000000016
0.2110064,3.52874041e-06,0.35305496000000014
0.2110114,3.13163355e-06,0.3541246100000002
0.2110164,2.72490849e-06,0.35520068000000005
0.2110214,2.30981493e-06,0.3562798600000001
0.2110264,1.88763009e-06,0.3573588299999999
0.2110314,1.45965081e-06,0.35843428
0.2110364,1.02719164e-06,0.35950291
0.2110414,5.91583223e-07,0.3605614599999998
0.2110464,1.54164691e-07,0.3616066899999999
0.2110514,-2.83719898e-07,0.3626353899999999
0.2110564,-7.20723839e-07,0.36364444000000007
0.2110614,-1.15550639e-06,0.36463076000000005
0.2110664,-1.58672837e-06,0.36559134000000015
0.2110714,-2.01306515e-06,0.36652328
0.2110764,-2.43320648e-06,0.36742370999999996
0.2110814,-2.84586232e-06,0.36828993
0.2110864,-3.24976404e-06,0.36911929
0.2110914,-3.64366709e-06,0.36990928999999984
0.2110964,-4.02636383e-06,0.3706575300000001
0.2111014,-4.39667776e-06,0.3713617400000002
0.2111064,-4.75346958e-06,0.37201980999999984
0.2111114,-5.09564333e-06,0.3726297299999999
0.2111164,-5.42214757e-06,0.37318965999999976
0.2111214,-5.73197934e-06,0.37369792000000013
0.2111264,-6.02418524e-06,0.37415296
0.2111314,-6.29786719e-06,0.37455340999999986
0.2111364,-6.55218583e-06,0.37489808000000013
0.2111414,-6.78635775e-06,0.37518589999999996
0.2111464,-6.99966436e-06,0.3754160000000002
0.2111514,-7.19144989e-06,0.3755877200000002
0.2111564,-7.36112468e-06,0.37570050999999993
0.2111614,-7.50816857e-06,0.37575402999999996
0.2111664,-7.63212757e-06,0.37574813000000007
0.2111714,-7.73262227e-06,0.37568281000000003
0.2111764,-7.80934519e-06,0.37555826999999997
0.2111814,-7.86205797e-06,0.37537487999999986
0.2111864,-7.89060065e-06,0.3751331899999999
0.2111914,-7.89488538e-06,0.3748339300000001
0.2111964,-7.87489851e-06,0.3744779800000002
0.2112014,-7.83070316e-06,0.3740664400000002
0.2112064,-7.76243417e-06,0.37360051000000016
0.2112114,-7.67030095e-06,0.37308162999999994
0.2112164,-7.55458979e-06,0.3725113499999999
0.2112214,-7.41565363e-06,0.37189139000000004
0.2112264,-7.25392066e-06,0.3712236200000001
0.2112314,-7.06989005e-06,0.3705100499999998
0.2112364,-6.86412458e-06,0.3697528600000002
0.2112414,-6.63725821e-06,0.36895433
0.2112464,-6.38998904e-06,0.36811687999999987
0.2112514,-6.12307802e-06,0.3672430699999998
0.2112564,-5.83734313e-06,0.36633552000000025
0.2112614,-5.5336663e-06,0.36539701000000013
0.2112664,-5.21297905e-06,0.3644304100000002
0.2112714,-4.87626736e-06,0.36343864000000004
0.2112764,-4.524567e-06,0.36242474999999974
0.2112814,-4.15895903e-06,0.36139181
0.2112864,-3.78056831e-06,0.36034301999999996
0.2112914,-3.39055611e-06,0.35928154
0.2112964,-2.99012385e-06,0.35821067000000006
0.2113014,-2.5805001e-06,0.35713368000000023
0.2113064,-2.16294481e-06,0.35605387
0.2113114,-1.73874354e-06,0.3549745700000002
0.2113164,-1.30919904e-06,0.35389910999999996
0.2113214,-8.75630218e-07,0.3528308000000002
0.2113264,-4.39371047e-07,0.3517729300000001
0.2113314,-1.76382117e-09,0.35072877999999985
0.2113364,4.35847707e-07,0.34970158000000007
0.2113414,8.72118569e-07,0.34869451000000007
0.2113464,1.30570767e-06,0.34771069
0.2113514,1.7352817e-06,0.3467531599999998
0.2113564,2.15951944e-06,0.34582493000000025
0.2113614,2.57711876e-06,0.3449288399999999
0.2113664,2.98679366e-06,0.34406771999999997
0.2113714,3.3872885e-06,0.34324423000000026
0.2113764,3.77736936e-06,0.34246091999999995
0.2113814,4.15583817e-06,0.34172027000000016
0.2113864,4.52153282e-06,0.3410245500000002
0.2113914,4.87332628e-06,0.34037596999999997
0.2113964,5.21014167e-06,0.33977652999999997
0.2114014,5.53094027e-06,0.33922812999999996
0.2114064,5.83473765e-06,0.33873244
0.2114114,6.12060031e-06,0.33829105000000004
0.2114164,6.38765107e-06,0.3379053200000002
0.2114214,6.63506666e-06,0.3375764499999998
0.2114264,6.86208721e-06,0.33730548000000016
0.2114314,7.06801777e-06,0.33709326000000006
0.2114364,7.25222295e-06,0.33694043000000007
0.2114414,7.41413726e-06,0.33684749
0.2114464,7.55326445e-06,0.33681470999999985
0.2114514,7.66917684e-06,0.33684219000000004
0.2114564,7.76151642e-06,0.33692984999999975
0.2114614,7.83000149e-06,0.33707739999999986
0.2114664,7.87442212e-06,0.33728438000000005
0.2114714,7.89464135e-06,0.3375501299999999
0.2114764,7.89059844e-06,0.33787382
0.2114814,7.86230402e-06,0.3382544299999999
0.2114864,7.80984663e-06,0.3386907400000001
0.2114914,7.73338813e-06,0.3391814200000003
0.2114964,7.63316276e-06,0.33972491000000016
0.2115014,7.50948006e-06,0.3403195000000001
0.2115064,7.36271977e-06,0.3409633400000003
0.2115114,7.19333311e-06,0.34165440999999985
0.2115164,7.00184158e-06,0.34239054999999996
0.2115214,6.78883292e-06,0.3431694700000001
0.2115264,6.55496327e-06,0.34398872999999996
0.2115314,6.30095167e-06,0.34484578
0.2115364,6.02757776e-06,0.34573794999999996
0.2115414,5.7356841e-06,0.3466624799999998
0.2115464,5.42616696e-06,0.3476165000000002
0.2115514,5.09997601e-06,0.3485970199999997
0.2115564,4.75811858e-06,0.3496010300000001
0.2115614,4.40164142e-06,0.35062541999999985
0.2115664,4.03164222e-06,0.3516670000000002
0.2115714,3.64925813e-06,0.35272258999999995
0.2115764,3.25566427e-06,0.35378889999999985
0.2115814,2.85207147e-06,0.3548626800000001
0.2115864,2.43971893e-06,0.3559405800000002
0.2115914,2.01987607e-06,0.35701932999999997
0.2115964,1.59383058e-06,0.35809559999999996
0.2116014,1.16289426e-06,0.35916609999999993
0.2116064,7.28392907e-07,0.3602275399999999
0.2116114,2.91659885e-07,0.36127666999999986
0.2116164,-1.45962276e-07,0.3623103000000001
0.2116214,-5.83128504e-07,0.3633252600000001
0.2116264,-1.01849372e-06,0.36431846999999995
0.2116314,-1.45072171e-06,0.36528688
0.2116364,-1.87848147e-06,0.36622757000000017
0.2116414,-2.3004593e-06,0.3671376799999997
0.2116464,-2.71536044e-06,0.36801441
0.2116514,-3.12190599e-06,0.3688551499999999
0.2116564,-3.51884837e-06,0.3696573099999998
0.2116614,-3.90496801e-06,0.3704184800000001
0.2116664,-4.27907605e-06,0.37113635
0.2116714,-4.6400251e-06,0.37180875000000024
0.2116764,-4.98670522e-06,0.3724336500000003
0.2116814,-5.31804882e-06,0.3730091500000001
0.2116864,-5.6330389e-06,0.3735335099999999
0.2116914,-5.93071001e-06,0.37400516000000006
0.2116964,-6.21014506e-06,0.3744226700000002
0.2117014,-6.47048393e-06,0.37478478000000015
0.2117064,-6.71092741e-06,0.37509040000000016
0.2117114,-6.93073724e-06,0.3753385899999999
0.2117164,-7.12923874e-06,0.3755286200000001
0.2117214,-7.30582013e-06,0.37565990000000005
0.2117264,-7.45993992e-06,0.37573204000000016
0.2117314,-7.59112334e-06,0.37574482
0.2117364,-7.69896943e-06,0.3756982099999999
0.2117414,-7.78314606e-06,0.37559232
0.2117464,-7.84339358e-06,0.3754274799999999
0.2117514,-7.87952765e-06,0.3752041799999999
0.2117564,-7.89143798e-06,0.3749231000000002
0.2117614,-7.87908823e-06,0.37458506999999996
0.2117664,-7.84251459e-06,0.3741911200000001
0.2117714,-7.78183248e-06,0.37374242000000013
0.2117764,-7.69722828e-06,0.3732403299999998
0.2117814,-7.5889599e-06,0.37268635000000017
0.2117864,-7.45736245e-06,0.37208218000000004
0.2117914,-7.3028405e-06,0.37142962
0.2117964,-7.12586784e-06,0.3707306399999999
0.2118014,-6.92699002e-06,0.36998737000000004
0.2118064,-6.70681871e-06,0.36920204999999995
0.2118114,-6.46602941e-06,0.36837706000000003
0.2118164,-6.20536498e-06,0.3675149000000002
0.2118214,-5.92562503e-06,0.36661820999999994
0.2118264,-5.62766933e-06,0.36568968999999996
0.2118314,-5.31241524e-06,0.36473217999999985
0.2118364,-4.9808304e-06,0.3637485899999999
0.2118414,-4.63393569e-06,0.36274191
0.2118464,-4.27279796e-06,0.3617152400000001
0.2118514,-3.89852495e-06,0.3606717100000001
0.2118564,-3.51227066e-06,0.35961449999999995
0.2118614,-3.11522067e-06,0.35854688
0.2118664,-2.70859512e-06,0.35747207999999975
0.2118714,-2.29364481e-06,0.3563934499999999
0.2118764,-1.87164536e-06,0.35531428
0.2118814,-1.4438929e-06,0.35423789000000006
0.2118864,-1.01170529e-06,0.35316760999999985
0.2118914,-5.76407966e-07,0.35210673999999975
0.2118964,-1.39339014e-07,0.35105856
0.2119014,2.981547e-07,0.35002628999999996
0.2119064,7.34730697e-07,0.34901315999999993
0.2119114,1.16904778e-06,0.3480223
0.2119164,1.59977107e-06,0.34705675000000014
0.2119214,2.02557391e-06,0.34611955000000005
0.2119264,2.44514986e-06,0.3452135999999999
0.2119314,2.85720781e-06,0.3443417099999999
0.2119364,3.26048262e-06,0.3435066
0.2119414,3.65373497e-06,0.3427108699999999
0.2119464,4.03575359e-06,0.34195700000000007
0.2119514,4.40536793e-06,0.3412473399999998
0.2119564,4.76143834e-06,0.3405841100000002
0.2119614,5.10287397e-06,0.3399693799999999
0.2119664,5.42862366e-06,0.33940507
0.2119714,5.73768558e-06,0.33889294000000025
0.2119764,6.02911246e-06,0.3384345900000001
0.2119814,6.30200599e-06,0.33803145999999984
0.2119864,6.55552999e-06,0.3376847999999999
0.2119914,6.7889014e-06,0.3373957000000001
0.2119964,7.00140852e-06,0.33716506000000024
0.2120014,7.19239609e-06,0.3369936
0.2120064,7.36127564e-06,0.3368818600000001
0.2120114,7.50752979e-06,0.3368301600000001
0.2120164,7.630711e-06,0.3368386899999998
0.2120214,7.73043739e-06,0.33690741999999974
0.2120264,7.80640391e-06,0.33703609999999995
0.2120314,7.85837933e-06,0.3372243399999997
0.2120364,7.88620181e-06,0.3374715400000001
0.2120414,7.88978855e-06,0.33777693
0.2120464,7.86912622e-06,0.33813954000000024
0.2120514,7.82427964e-06,0.33855823000000007
0.2120564,7.75538769e-06,0.33903168000000017
0.2120614,7.66266117e-06,0.3395584199999999
0.2120664,7.5463858e-06,0.34013678999999986
0.2120714,7.40691939e-06,0.3407649800000001
0.2120764,7.24469171e-06,0.3414410200000002
0.2120814,7.06020141e-06,0.3421628000000001
0.2120864,6.85401492e-06,0.3429280600000002
0.2120914,6.62676554e-06,0.3437344200000001
0.2120964,6.37915358e-06,0.34457937000000016
0.2121014,6.11194075e-06,0.3454602699999998
0.2121064,5.8259466e-06,0.34637436999999993
0.2121114,5.52205157e-06,0.34731886999999984
0.2121164,5.20119079e-06,0.34829080000000023
0.2121214,4.86434789e-06,0.34928716000000026
0.2121264,4.51256182e-06,0.35030487
0.2121314,4.14691278e-06,0.3513407799999999
0.2121364,3.76852337e-06,0.35239168
0.2121414,3.37855828e-06,0.3534543400000001
0.2121464,2.97821596e-06,0.35452547000000023
0.2121514,2.56872669e-06,0.35560181000000024
0.2121564,2.15135017e-06,0.3566799999999999
0.2121614,1.72736733e-06,0.35775677000000017
0.2121664,1.29808311e-06,0.35882879999999995
0.2121714,8.64817856e-07,0.3598928000000001
0.2121764,4.28901799e-07,0.36094552
0.2121814,-8.32514026e-09,0.3619837499999998
0.2121864,-4.45518936e-07,0.36300431
0.2121914,-8.81335255e-07,0.3640040900000001
0.2121964,-1.31443445e-06,0.36498005
0.2122014,-1.74348558e-06,0.36592920000000007
0.2122064,-2.16716882e-06,0.3668486799999999
0.2122114,-2.58418461e-06,0.36773567000000007
0.2122164,-2.9932504e-06,0.36858749999999985
0.2122214,-3.39310729e-06,0.3694015799999999
0.2122264,-3.78252729e-06,0.37017544000000013
0.2122314,-4.16031274e-06,0.3709067199999998
0.2122364,-4.52530281e-06,0.37159323999999994
0.2122414,-4.87637653e-06,0.3722329000000002
0.2122464,-5.21245497e-06,0.37282378000000005
0.2122514,-5.53250419e-06,0.37336407999999977
0.2122564,-5.83554165e-06,0.37385217999999987
0.2122614,-6.12063493e-06,0.37428660000000025
0.2122664,-6.38690777e-06,0.37466603
0.2122714,-6.63354341e-06,0.37498932000000007
0.2122764,-6.85978336e-06,0.3752555099999999
0.2122814,-7.06493103e-06,0.3754637700000001
0.2122864,-7.24835742e-06,0.3756134899999999
0.2122914,-7.40949879e-06,0.37570419999999993
0.2122964,-7.5478591e-06,0.3757356500000002
0.2123014,-7.66301343e-06,0.3757077099999997
0.2123064,-7.75460921e-06,0.37562049
0.2123114,-7.82236441e-06,0.37547423000000024
0.2123164,-7.86607088e-06,0.3752693800000002
0.2123214,-7.88559414e-06,0.37500654
0.2123264,-7.88087415e-06,0.37468650000000014
0.2123314,-7.85192647e-06,0.37431024
0.2123364,-7.79884148e-06,0.37387887
0.2123414,-7.72177943e-06,0.37339369999999983
0.2123464,-7.6209794e-06,0.3728561899999998
0.2123514,-7.49675226e-06,0.37226796000000006
0.2123564,-7.34947869e-06,0.3716307799999998
0.2123614,-7.17961167e-06,0.37094658
0.2123664,-6.98767434e-06,0.3702174399999998
0.2123714,-6.77425609e-06,0.3694455499999998
0.2123764,-6.54001203e-06,0.36863325
0.2123814,-6.28566622e-06,0.3677830099999999
0.2123864,-6.01199662e-06,0.3668974199999999
0.2123914,-5.71984784e-06,0.36597915000000003
0.2123964,-5.41011597e-06,0.3650310000000001
0.2124014,-5.08375384e-06,0.36405586999999984
0.2124064,-4.74176449e-06,0.3630567199999999
0.2124114,-4.38519948e-06,0.3620366100000001
0.2124164,-4.01515661e-06,0.3609986599999999
0.2124214,-3.63277085e-06,0.35994603999999986
0.2124264,-3.23922068e-06,0.35888195999999994
0.2124314,-2.83571344e-06,0.3578097200000001
0.2124364,-2.42349007e-06,0.35673257999999985
0.2124414,-2.00381836e-06,0.3556538599999999
0.2124464,-1.57798892e-06,0.3545768800000002
0.2124514,-1.14730963e-06,0.35350497000000014
0.2124564,-7.13105174e-07,0.35244140999999996
0.2124614,-2.76709862e-07,0.3513895199999999
0.2124664,1.60535132e-07,0.3503525299999999
0.2124714,5.97284249e-07,0.3493336499999997
0.2124764,1.03219677e-06,0.3483360400000002
0.2124814,1.46393481e-06,0.34736279000000003
0.2124864,1.89117145e-06,0.34641692
0.2124914,2.31259567e-06,0.3455013800000002
0.2124964,2.7269074e-06,0.34461901000000017
0.2125014,3.13283681e-06,0.34377254999999995
0.2125064,3.52913675e-06,0.34296466000000003
0.2125114,3.91458554e-06,0.34219781999999976
0.2125164,4.28800145e-06,0.3414744500000002
0.2125214,4.64823623e-06,0.3407968000000001
0.2125264,4.99418216e-06,0.34016698
0.2125314,5.32477798e-06,0.33958697000000004
0.2125364,5.63900479e-06,0.33905856999999995
0.2125414,5.93589795e-06,0.33858341999999997
0.2125464,6.21454715e-06,0.3381630400000002
0.2125514,6.47409298e-06,0.3377987199999999
0.2125564,6.71373938e-06,0.33749158999999973
0.2125614,6.93275005e-06,0.33724264000000015
0.2125664,7.13045189e-06,0.3370526199999999
0.2125714,7.30623723e-06,0.3369221200000001
0.2125764,7.45956742e-06,0.3368515700000001
0.2125814,7.58996937e-06,0.33684117
0.2125864,7.69704281e-06,0.33689093999999997
0.2125914,7.78046151e-06,0.3370007399999999
0.2125964,7.83996552e-06,0.33717019999999986
0.2126014,7.87537422e-06,0.3373988099999998
0.2126064,7.88657976e-06,0.3376858199999999
0.2126114,7.87354738e-06,0.33803033999999976
0.2126164,7.83631612e-06,0.3384312799999998
0.2126214,7.77500224e-06,0.33888740000000017
0.2126264,7.68979336e-06,0.33939725
0.2126314,7.58095381e-06,0.33995922999999983
0.2126364,7.44881623e-06,0.3405715899999999
0.2126414,7.29378758e-06,0.34123241000000015
0.2126464,7.11634514e-06,0.3419396199999998
0.2126514,6.91703315e-06,0.34269101
0.2126564,6.69646721e-06,0.34348424
0.2126614,6.45532322e-06,0.34431681999999975
0.2126664,6.1943439e-06,0.34518618999999995
0.2126714,5.91433078e-06,0.3460896199999999
0.2126764,5.61614457e-06,0.3470243099999999
0.2126814,5.30070223e-06,0.34798735999999986
0.2126864,4.96897409e-06,0.34897577
0.2126914,4.62197897e-06,0.3499865000000002
0.2126964,4.26078459e-06,0.35101640999999995
0.2127014,3.88650234e-06,0.3520623300000003
0.2127064,3.50027937e-06,0.353121
0.2127114,3.10330505e-06,0.3541892
0.2127164,2.69680068e-06,0.3552636100000002
0.2127214,2.28201392e-06,0.35634093
0.2127264,1.86022048e-06,0.35741785999999975
0.2127314,1.43271759e-06,0.35849109
0.2127364,1.00081855e-06,0.3595573299999999
0.2127414,5.65851464e-07,0.36061332999999984
0.2127464,1.29152871e-07,0.36165583999999984
0.2127514,-3.07936073e-07,0.3626816799999999
0.2127564,-7.44069699e-07,0.3636877300000001
0.2127614,-1.17790849e-06,0.36467092
0.2127664,-1.60811897e-06,0.3656282500000001
0.2127714,-2.03337783e-06,0.36655681000000007
0.2127764,-2.45237991e-06,0.36745377999999995
0.2127814,-2.86383588e-06,0.36831643999999986
0.2127864,-3.26648189e-06,0.36914216999999994
0.2127914,-3.65907966e-06,0.3699284600000001
0.2127964,-4.04042328e-06,0.3706729400000002
0.2128014,-4.40934009e-06,0.37137335000000005
0.2128064,-4.76469661e-06,0.37202757
0.2128114,-5.10540066e-06,0.37263363000000016
0.2128164,-5.43040383e-06,0.37318969
0.2128214,-5.73870954e-06,0.37369405999999983
0.2128264,-6.0293689e-06,0.37414524000000005
0.2128314,-6.3014893e-06,0.37454187000000005
0.2128364,-6.55423426e-06,0.3748827200000002
0.2128414,-6.7868254e-06,0.37516678999999997
0.2128464,-6.99855054e-06,0.3753932099999999
0.2128514,-7.1887574e-06,0.37556129000000005
0.2128564,-7.35686222e-06,0.37567053000000006
0.2128614,-7.50234888e-06,0.3757206099999997
0.2128664,-7.62476827e-06,0.37571135999999994
0.2128714,-7.72374802e-06,0.3756427899999999
0.2128764,-7.79898053e-06,0.3755151400000001
0.2128814,-7.8502363e-06,0.37532876000000015
0.2128864,-7.8773574e-06,0.37508421000000003
0.2128914,-7.88026057e-06,0.37478225
0.2128964,-7.85893834e-06,0.3744237600000002
0.2129014,-7.81345626e-06,0.3740098300000001
0.2129064,-7.74395319e-06,0.3735417099999998
0.2129114,-7.65064339e-06,0.37302079999999993
0.2129164,-7.53381459e-06,0.37244867000000004
0.2129214,-7.3938252e-06,0.37182705000000027
0.2129264,-7.23110733e-06,0.3711578299999998
0.2129314,-7.04615915e-06,0.3704430000000001
0.2129364,-6.83955115e-06,0.3696847599999997
0.2129414,-6.6119175e-06,0.36888538000000004
0.2129464,-6.36395857e-06,0.36804729999999997
0.2129514,-6.09643768e-06,0.3671730500000001
0.2129564,-5.81017591e-06,0.36626530999999996
0.2129614,-5.50605383e-06,0.3653268099999998
0.2129664,-5.18500694e-06,0.3643604199999999
0.2129714,-4.84802157e-06,0.36336909000000017
0.2129764,-4.49613364e-06,0.3623558400000002
0.2129814,-4.13042649e-06,0.3613237699999998
0.2129864,-3.75202366e-06,0.36027604
0.2129914,-3.36208693e-06,0.35921585
0.2129964,-2.96181715e-06,0.35814645999999994
0.2130014,-2.55244422e-06,0.3570711499999999
0.2130064,-2.13522475e-06,0.3559931999999999
0.2130114,-1.71144415e-06,0.35491596999999975
0.2130164,-1.28240306e-06,0.35384274000000016
0.2130214,-8.49421754e-07,0.35277684
0.2130264,-4.13831508e-07,0.3517215600000001
0.2130314,2.30311102e-08,0.3506801599999998
0.2130364,4.5981906e-07,0.34965584000000005
0.2130414,8.95194224e-07,0.34865181999999995
0.2130464,1.32781663e-06,0.34767116
0.2130514,1.75635489e-06,0.3467169400000001
0.2130564,2.17949453e-06,0.3457921100000001
0.2130614,2.59593301e-06,0.3448995400000001
0.2130664,3.00439066e-06,0.34404202000000006
0.2130714,3.40361229e-06,0.34322220000000003
0.2130764,3.79237183e-06,0.3424426599999999
0.2130814,4.16947125e-06,0.3417058099999999
0.2130864,4.53375515e-06,0.3410139699999999
0.2130914,4.88410224e-06,0.34036928
0.2130964,5.21943576e-06,0.33977375
0.2131014,5.53872614e-06,0.3392292699999999
0.2131064,5.84099033e-06,0.33873750000000014
0.2131114,6.1253013e-06,0.33830001
0.2131164,6.39078539e-06,0.3379181600000003
0.2131214,6.63662471e-06,0.33759313000000013
0.2131264,6.86206548e-06,0.3373259500000001
0.2131314,7.06641429e-06,0.33711746
0.2131364,7.24904404e-06,0.33696828
0.2131414,7.40939332e-06,0.3368789000000001
0.2131464,7.54696887e-06,0.3368495899999999
0.2131514,7.66134957e-06,0.3368804299999999
0.2131564,7.75218246e-06,0.3369713299999999
0.2131614,7.81919019e-06,0.33712199
0.2131664,7.86216547e-06,0.33733192999999995
0.2131714,7.88097704e-06,0.33760049999999975
0.2131764,7.87556899e-06,0.3379268499999999
0.2131814,7.84595579e-06,0.33830994999999997
0.2131864,7.79222931e-06,0.3387486099999999
0.2131914,7.7145561e-06,0.33924142999999995
0.2131964,7.61317521e-06,0.33978686999999996
0.2132014,7.48839738e-06,0.3403832400000002
0.2132064,7.34060665e-06,0.34102864
0.2132114,7.1702587e-06,0.3417210700000002
0.2132164,6.97787638e-06,0.34245838000000006
0.2132214,6.76404978e-06,0.3432382399999998
0.2132264,6.52943958e-06,0.3440582400000003
0.2132314,6.27476625e-06,0.34491581000000004
0.2132364,6.00080991e-06,0.3458082899999999
0.2132414,5.70841693e-06,0.34673291000000006
0.2132464,5.39848378e-06,0.3476867899999998
0.2132514,5.07196407e-06,0.3486669699999998
0.2132564,4.72986073e-06,0.34967042000000004
0.2132614,4.3732265e-06,0.35069402000000016
0.2132664,4.00315828e-06,0.3517346200000002
0.2132714,3.62079141e-06,0.3527890199999999
0.2132764,3.22730381e-06,0.35385394000000003
0.2132814,2.82390304e-06,0.3549260999999999
0.2132864,2.41183052e-06,0.3560022300000001
0.2132914,1.9923525e-06,0.35707899
0.2132964,1.56675648e-06,0.3581531
0.2133014,1.13635454e-06,0.35922125999999976
0.2133064,7.02466188e-07,0.3602801900000001
0.2133114,2.66427634e-07,0.36132666999999996
0.2133164,-1.70421437e-07,0.36235746999999985
0.2133214,-6.06740606e-07,0.3633694799999998
0.2133264,-1.04118525e-06,0.3643595999999998
0.2133314,-1.47242253e-06,0.3653248
0.2133364,-1.89912612e-06,0.36626216
0.2133414,-2.31998474e-06,0.3671688300000002
0.2133464,-2.73370516e-06,0.3680420400000002
0.2133514,-3.13901359e-06,0.3688791599999999
0.2133564,-3.53466658e-06,0.36967764000000014
0.2133614,-3.91944779e-06,0.3704350700000001
0.2133664,-4.29217354e-06,0.37114915000000015
0.2133714,-4.65169916e-06,0.37181772000000013
0.2133764,-4.99692042e-06,0.3724387600000001
0.2133814,-5.32677332e-06,0.37301039000000014
0.2133864,-5.64024703e-06,0.3735308800000001
0.2133914,-5.93637787e-06,0.3739986700000002
0.2133964,-6.214255e-06,0.37441232999999974
0.2134014,-6.47302391e-06,0.37477063
0.2134064,-6.71189047e-06,0.37507248000000004
0.2134114,-6.93012027e-06,0.3753169599999997
0.2134164,-7.12704206e-06,0.3755033400000001
0.2134214,-7.30205052e-06,0.3756310600000001
0.2134264,-7.45460977e-06,0.37569972000000007
0.2134314,-7.58424974e-06,0.37570912
0.2134364,-7.69057218e-06,0.3756592200000002
0.2134414,-7.77325243e-06,0.37555017999999984
0.2134464,-7.83203249e-06,0.37538231
0.2134514,-7.86673323e-06,0.37515612
0.2134564,-7.87725059e-06,0.37487228000000017
0.2134614,-7.86355211e-06,0.37453166999999987
0.2134664,-7.82567641e-06,0.3741352800000002
0.2134714,-7.7637438e-06,0.3736843300000001
0.2134764,-7.67794493e-06,0.3731801499999998
0.2134814,-7.56854088e-06,0.37262428000000014
0.2134864,-7.43587081e-06,0.3720183800000001
0.2134914,-7.28034189e-06,0.3713643099999999
0.2134964,-7.10243229e-06,0.3706640099999998
0.2135014,-6.90268764e-06,0.3699196200000001
0.2135064,-6.68172518e-06,0.36913339
0.2135114,-6.44022236e-06,0.3683077000000001
0.2135164,-6.17892254e-06,0.3674450599999999
0.2135214,-5.89862862e-06,0.36654808000000005
0.2135264,-5.60020172e-06,0.36561949000000005
0.2135314,-5.28456197e-06,0.3646621400000001
0.2135364,-4.95267645e-06,0.3636789199999999
0.2135414,-4.60556759e-06,0.36267282
0.2135464,-4.24430311e-06,0.36164695000000013
0.2135514,-3.86999105e-06,0.36060442000000004
0.2135564,-3.48378369e-06,0.3595484299999998
0.2135614,-3.08686872e-06,0.35848221000000025
0.2135664,-2.68046586e-06,0.35740903999999984
0.2135714,-2.26582383e-06,0.35633221000000015
0.2135764,-1.84421942e-06,0.35525503000000014
0.2135814,-1.41694619e-06,0.35418083999999994
0.2135864,-9.85318146e-07,0.3531129100000001
0.2135914,-5.50663735e-07,0.3520545700000002
0.2135964,-1.14317066e-07,0.35100907999999986
0.2136014,3.22378987e-07,0.34997966999999996
0.2136064,7.58083515e-07,0.34896952999999975
0.2136114,1.19145584e-06,0.34798178
0.2136164,1.62116523e-06,0.34701950000000004
0.2136214,2.04589066e-06,0.3460856699999999
0.2136264,2.46432467e-06,0.3451831999999999
0.2136314,2.87518279e-06,0.34431487999999977
0.2136364,3.27720308e-06,0.34348343000000003
0.2136414,3.66914902e-06,0.34269143000000013
0.2136464,4.04981457e-06,0.3419413499999999
0.2136514,4.41803157e-06,0.3412355399999998
0.2136564,4.772668e-06,0.34057619000000017
0.2136614,5.11263322e-06,0.3399653699999998
0.2136664,5.43688279e-06,0.33940497000000014
0.2136714,5.74441966e-06,0.3388967599999999
0.2136764,6.03430041e-06,0.33844231999999996
0.2136814,6.30563332e-06,0.33804307999999983
0.2136864,6.55758294e-06,0.33770027999999974
0.2136914,6.78937761e-06,0.3374149799999999
0.2136964,7.00030531e-06,0.3371880899999997
0.2137014,7.18971442e-06,0.3370202899999999
0.2137064,7.35702513e-06,0.3369121399999999
0.2137114,7.50172579e-06,0.33686395000000013
0.2137164,7.62336835e-06,0.33687586000000014
0.2137214,7.72158062e-06,0.3369478600000002
0.2137264,7.79606131e-06,0.33707969000000015
0.2137314,7.84658028e-06,0.33727094000000024
0.2137364,7.87298485e-06,0.33752102000000006
0.2137414,7.87519284e-06,0.3378291200000001
0.2137464,7.85319752e-06,0.33819427000000024
0.2137514,7.80706721e-06,0.33861534000000004
0.2137564,7.73694372e-06,0.3390910100000002
0.2137614,7.64304257e-06,0.33961975999999994
0.2137664,7.52565408e-06,0.34019995999999986
0.2137714,7.38513692e-06,0.34082977000000003
0.2137764,7.22192654e-06,0.3415072400000001
0.2137814,7.03652334e-06,0.34223025000000007
0.2137864,6.82949564e-06,0.34299652000000025
0.2137914,6.60148212e-06,0.34380367999999994
0.2137964,6.35318436e-06,0.34464921000000004
0.2138014,6.08536273e-06,0.34553049
0.2138064,5.79884314e-06,0.34644476
0.2138114,5.49450784e-06,0.3473891899999999
0.2138164,5.17328914e-06,0.34836084
0.2138214,4.8361764e-06,0.34935669999999996
0.2138264,4.4842053e-06,0.3503736999999998
0.2138314,4.1184587e-06,0.35140868000000003
0.2138364,3.74006016e-06,0.35245846000000003
0.2138414,3.350172e-06,0.35351978000000006
0.2138464,2.94999486e-06,0.3545893900000001
0.2138514,2.54075782e-06,0.35566399000000004
0.2138564,2.12371934e-06,0.35674026999999997
0.2138614,1.70016074e-06,0.35781493
0.2138664,1.2713834e-06,0.35888468000000007
0.2138714,8.38706914e-07,0.3599462200000001
0.2138764,4.03459496e-07,0.3609963399999998
0.2138814,-3.30201787e-08,0.3620318
0.2138864,-4.69389843e-07,0.3630494499999999
0.2138914,-9.04308407e-07,0.3640461800000001
0.2138964,-1.33644021e-06,0.36501896
0.2139014,-1.7644564e-06,0.3659648200000001
0.2139064,-2.18703972e-06,0.36688089
0.2139114,-2.60289381e-06,0.36776438999999983
0.2139164,-3.01074086e-06,0.36861264000000005
0.2139214,-3.40932483e-06,0.3694230599999999
0.2139264,-3.79742197e-06,0.37019319000000017
0.2139314,-4.1738394e-06,0.37092071000000026
0.2139364,-4.53741949e-06,0.3716034100000001
0.2139414,-4.88704653e-06,0.3722392200000002
0.2139464,-5.22164493e-06,0.37282623000000004
0.2139514,-5.54018615e-06,0.3733626699999999
0.2139564,-5.84168989e-06,0.3738469000000002
0.2139614,-6.12523248e-06,0.37427747
0.2139664,-6.3899412e-06,0.3746530800000001
0.2139714,-6.63500191e-06,0.3749726000000002
0.2139764,-6.85966229e-06,0.3752350500000001
0.2139814,-7.06323036e-06,0.3754396500000001
0.2139864,-7.24508279e-06,0.37558577000000004
0.2139914,-7.40466109e-06,0.37567298000000005
0.2139964,-7.54147163e-06,0.37570101
0.2140014,-7.6550964e-06,0.3756697699999998
0.2140064,-7.74518755e-06,0.3755793599999999
0.2140114,-7.8114659e-06,0.3754300199999998
0.2140164,-7.85372918e-06,0.3752222300000001
0.2140214,-7.87184721e-06,0.3749566
0.2140264,-7.86576538e-06,0.3746339299999999
0.2140314,-7.83550076e-06,0.3742551799999998
0.2140364,-7.78114955e-06,0.37382150000000003
0.2140414,-7.70287566e-06,0.3733341899999998
0.2140464,-7.60092135e-06,0.37279472000000013
0.2140514,-7.47560214e-06,0.3722047099999999
0.2140564,-7.32730237e-06,0.37156595999999986
0.2140614,-7.15647647e-06,0.37088038
0.2140664,-6.96364984e-06,0.37015006000000006
0.2140714,-6.7494168e-06,0.36937719000000024
0.2140764,-6.51443528e-06,0.3685641300000002
0.2140814,-6.25943014e-06,0.3677133399999999
0.2140864,-5.98518145e-06,0.36682738999999986
0.2140914,-5.69253546e-06,0.3659089899999999
0.2140964,-5.38239066e-06,0.36496094000000023
0.2141014,-5.05570053e-06,0.3639861099999999
0.2141064,-4.71347048e-06,0.3629874700000002
0.2141114,-4.35675013e-06,0.36196808999999996
0.2141164,-3.98664018e-06,0.3609310699999997
0.2141214,-3.60427547e-06,0.35987959
0.2141264,-3.21083279e-06,0.3588168800000002
0.2141314,-2.80752053e-06,0.35774616999999975
0.2141364,-2.39557947e-06,0.35667077999999997
0.2141414,-1.97627509e-06,0.3555940100000001
0.2141464,-1.55089559e-06,0.35451915
0.2141514,-1.12075247e-06,0.35344953999999995
0.2141564,-6.87165482e-07,0.35238846999999973
0.2141614,-2.51465843e-07,0.3513392000000002
0.2141664,1.8500568e-07,0.35030501000000003
0.2141714,6.20905649e-07,0.34928908000000014
0.2141764,1.05489621e-06,0.34829454999999987
0.2141814,1.48564331e-06,0.3473245199999999
0.2141864,1.91182295e-06,0.34638199000000003
0.2141914,2.33212555e-06,0.3454699000000001
0.2141964,2.74525664e-06,0.34459106000000017
0.2142014,3.14994877e-06,0.34374824000000004
0.2142064,3.54495762e-06,0.34294404999999983
0.2142114,3.92906838e-06,0.3421809899999999
0.2142164,4.30110169e-06,0.34146145000000017
0.2142214,4.65991444e-06,0.34078765999999994
0.2142264,5.00440275e-06,0.3401617399999999
0.2142314,5.33350786e-06,0.3395856300000002
0.2142364,5.64621766e-06,0.33906115000000026
0.2142414,5.94157262e-06,0.33858993000000015
0.2142464,6.21866526e-06,0.3381734300000001
0.2142514,6.47664203e-06,0.3378129799999998
0.2142564,6.71471169e-06,0.33750967
0.2142614,6.93214319e-06,0.33726448
0.2142664,7.12826834e-06,0.33707814999999997
0.2142714,7.30248331e-06,0.33695127000000014
0.2142764,7.45425396e-06,0.33688423999999983
0.2142814,7.58311408e-06,0.33687725999999985
0.2142864,7.68866685e-06,0.3369303499999998
0.2142914,7.77058934e-06,0.33704332000000004
0.2142964,7.82862914e-06,0.33721584999999976
0.2143014,7.86260803e-06,0.3374473499999999
0.2143064,7.87242265e-06,0.33773713999999977
0.2143114,7.85804277e-06,0.33808426
0.2143164,7.81951271e-06,0.33848763000000015
0.2143214,7.75695074e-06,0.33894602000000007
0.2143264,7.67055114e-06,0.33945793999999996
0.2143314,7.56057809e-06,0.34002179999999993
0.2143364,7.42737042e-06,0.3406358599999999
0.2143414,7.27133775e-06,0.3412981599999998
0.2143464,7.09296016e-06,0.34200666
0.2143514,6.89278692e-06,0.34275913000000013
0.2143564,6.67143099e-06,0.34355322999999993
0.2143614,6.42957597e-06,0.34438648000000005
0.2143664,6.16796557e-06,0.3452562800000001
0.2143714,5.88740046e-06,0.34615993
0.2143764,5.58874668e-06,0.34709462999999996
0.2143814,5.27292158e-06,0.34805746999999987
0.2143864,4.94089557e-06,0.34904545
0.2143914,4.59368936e-06,0.35005553999999983
0.2143964,4.23236988e-06,0.3510845899999999
0.2144014,3.85804885e-06,0.3521294400000001
0.2144064,3.4718775e-06,0.3531868600000001
0.2144114,3.07504209e-06,0.3542535800000002
0.2144164,2.66876135e-06,0.35532631999999986
0.2144214,2.25428661e-06,0.35640179000000005
0.2144264,1.83288928e-06,0.3574766700000003
0.2144314,1.40586584e-06,0.35854768000000026
0.2144364,9.74529694e-07,0.3596115200000001
0.2144414,5.4020657e-07,0.3606649500000001
0.2144464,1.04230732e-07,0.36170475000000013
0.2144514,-3.32058349e-07,0.36272771999999986
0.2144564,-7.67318495e-07,0.36373075999999993
0.2144614,-1.20021204e-06,0.36471081000000005
0.2144664,-1.62940773e-06,0.3656648899999999
0.2144714,-2.05358807e-06,0.36659008999999987
0.2144764,-2.47144896e-06,0.3674835999999999
0.2144814,-2.88170444e-06,0.3683426999999999
0.2144864,-3.28309475e-06,0.36916479999999985
0.2144914,-3.67438689e-06,0.3699473900000001
0.2144964,-4.05437638e-06,0.3706881099999999
0.2145014,-4.42189614e-06,0.37138470999999984
0.2145064,-4.77581824e-06,0.37203509999999995
0.2145114,-5.11505271e-06,0.3726372899999999
0.2145164,-5.43855603e-06,0.37318947999999996
0.2145214,-5.74533802e-06,0.3736900000000003
0.2145264,-6.03445261e-06,0.37413732999999993
0.2145314,-6.3050113e-06,0.37453011999999997
0.2145364,-6.55618553e-06,0.3748671800000001
0.2145414,-6.7871995e-06,0.37514751000000013
0.2145464,-6.99734536e-06,0.37537023999999986
0.2145514,-7.18597718e-06,0.3755347099999997
0.2145564,-7.35251604e-06,0.3756404200000001
0.2145614,-7.49644914e-06,0.37568705
0.2145664,-7.6173339e-06,0.3756744500000002
0.2145714,-7.71480002e-06,0.37560266
0.2145764,-7.7885479e-06,0.37547189999999997
0.2145814,-7.83835098e-06,0.37528253999999994
0.2145864,-7.86405517e-06,0.3750351700000001
0.2145914,-7.86558373e-06,0.37473051999999996
0.2145964,-7.84292944e-06,0.3743695
0.2146014,-7.79616587e-06,0.3739532000000001
0.2146064,-7.72543377e-06,0.3734828899999998
0.2146114,-7.63095296e-06,0.37295996
0.2146164,-7.5130134e-06,0.37238601000000027
0.2146214,-7.3719765e-06,0.37176275000000003
0.2146264,-7.20827849e-06,0.37109208000000016
0.2146314,-7.02242007e-06,0.37037602000000014
0.2146364,-6.81497468e-06,0.36961672
0.2146414,-6.58657851e-06,0.36881652
0.2146464,-6.33793526e-06,0.36797780999999974
0.2146514,-6.0698104e-06,0.3671031600000001
0.2146564,-5.78302562e-06,0.3661952099999999
0.2146614,-5.47846453e-06,0.36525673000000003
0.2146664,-5.15706314e-06,0.36429058000000003
0.2146714,-4.81980973e-06,0.36329968999999984
0.2146764,-4.46773997e-06,0.36228709999999986
0.2146814,-4.10193826e-06,0.3612559100000001
0.2146864,-3.72352792e-06,0.36020925000000004
0.2146914,-3.33367112e-06,0.35915034999999995
0.2146964,-2.93356928e-06,0.35808245000000016
0.2147014,-2.52445037e-06,0.3570088100000002
0.2147064,-2.10757199e-06,0.35593275
0.2147114,-1.68421573e-06,0.35485758
0.2147164,-1.25568434e-06,0.35378659999999984
0.2147214,-8.2329416e-07,0.35272312000000006
0.2147264,-3.88374171e-07,0.35167043
0.2147314,4.77386283e-08,0.3506317699999999
0.2147364,4.83702563e-07,0.34961036999999995
0.2147414,9.18179309e-07,0.34860937000000014
0.2147464,1.34983222e-06,0.34763188999999994
0.2147514,1.77733477e-06,0.34668097
0.2147564,2.19937302e-06,0.34575954
0.2147614,2.61464924e-06,0.34487048
0.2147664,3.02188796e-06,0.34401656999999997
0.2147714,3.41983704e-06,0.34320044000000016
0.2147764,3.80727272e-06,0.3424246500000001
0.2147814,4.18300545e-06,0.3416916000000001
0.2147864,4.54587826e-06,0.34100361
0.2147914,4.89477806e-06,0.34036279999999985
0.2147964,5.22863206e-06,0.33977119
0.2148014,5.54641399e-06,0.33923062000000015
0.2148064,5.8471481e-06,0.33874276999999986
0.2148114,6.12990819e-06,0.33830917999999977
0.2148164,6.39382776e-06,0.33793119000000016
0.2148214,6.63809418e-06,0.33760999999999997
0.2148264,6.86195649e-06,0.3373466000000003
0.2148314,7.06472837e-06,0.3371418100000001
0.2148364,7.24578565e-06,0.3369962799999999
0.2148414,7.4045719e-06,0.33691045
0.2148464,7.54060138e-06,0.3368845899999997
0.2148514,7.65345475e-06,0.33691877000000026
0.2148564,7.74278433e-06,0.33701289999999995
0.2148614,7.80831746e-06,0.33716665999999984
0.2148664,7.84985211e-06,0.3373795599999998
0.2148714,7.86726169e-06,0.3376509499999998
0.2148764,7.86049203e-06,0.3379799400000001
0.2148814,7.82956554e-06,0.3383655400000001
0.2148864,7.77457641e-06,0.33880650000000023
0.2148914,7.69569395e-06,0.33930145
0.2148964,7.5931619e-06,0.33984884000000015
0.2149014,7.4672953e-06,0.3404469499999998
0.2149064,7.31847996e-06,0.3410939099999999
0.2149114,7.14717492e-06,0.34178768999999987
0.2149164,6.95390657e-06,0.3425261399999999
0.2149214,6.73926966e-06,0.3433069500000001
0.2149264,6.50392494e-06,0.34412766000000006
0.2149314,6.24859354e-06,0.3449857500000002
0.2149364,5.97406283e-06,0.3458785200000001
0.2149414,5.68117528e-06,0.3468032099999998
0.2149464,5.37083214e-06,0.34775694
0.2149514,5.04398711e-06,0.3487367699999999
0.2149564,4.70164572e-06,0.34973962999999997
0.2149614,4.34486001e-06,0.35076245000000017
0.2149664,3.97472625e-06,0.35180206
0.2149714,3.592383e-06,0.35285524999999995
0.2149764,3.1990039e-06,0.3539187600000002
0.2149814,2.79580106e-06,0.35498932000000005
0.2149864,2.3840129e-06,0.3560636400000001
0.2149914,1.96490227e-06,0.35713843000000023
0.2149964,1.53976296e-06,0.3582103699999999
0.2150014,1.10989645e-06,0.3592761899999999
0.2150064,6.76627216e-07,0.36033260999999994
0.2150114,2.41286707e-07,0.3613764100000001
0.2150164,-1.9478869e-07,0.3624044099999999
0.2150214,-6.3025596e-07,0.36341345000000014
0.2150264,-1.06377917e-06,0.3644004700000001
0.2150314,-1.49402414e-06,0.36536246000000006
0.2150364,-1.91966867e-06,0.3662964799999999
0.2150414,-2.33940583e-06,0.3671997199999999
0.2150464,-2.7519447e-06,0.36806941000000015
0.2150514,-3.15601647e-06,0.36890292
0.2150564,-3.55037927e-06,0.36969772999999995
0.2150614,-3.93382139e-06,0.3704514099999998
0.2150664,-4.30516461e-06,0.3711616999999998
0.2150714,-4.66326725e-06,0.37182645000000014
0.2150764,-5.00703012e-06,0.37244363
0.2150814,-5.33539451e-06,0.3730114000000002
0.2150864,-5.64735215e-06,0.3735280400000003
0.2150914,-5.94194511e-06,0.3739919599999999
0.2150964,-6.2182669e-06,0.37440178999999985
0.2151014,-6.47546815e-06,0.3747562900000001
0.2151064,-6.71275883e-06,0.3750543799999999
0.2151114,-6.92941197e-06,0.3752951499999999
0.2151164,-7.1247575e-06,0.3754778999999999
0.2151214,-7.29819752e-06,0.37560205000000013
0.2151264,-7.44920063e-06,0.3756672499999998
0.2151314,-7.57729889e-06,0.37567328
0.2151364,-7.68210218e-06,0.37562012
0.2151414,-7.76328767e-06,0.37550792999999993
0.2151464,-7.82060583e-06,0.37533704
0.2151514,-7.85387991e-06,0.3751079800000001
0.2151564,-7.86300848e-06,0.37482141999999996
0.2151614,-7.84796392e-06,0.3744782200000001
0.2151664,-7.80879315e-06,0.37407941999999994
0.2151714,-7.74561542e-06,0.37362621000000007
0.2151764,-7.65862539e-06,0.3731199599999999
0.2151814,-7.54809288e-06,0.3725622000000002
0.2151864,-7.41435583e-06,0.3719546199999999
0.2151914,-7.25782529e-06,0.37129902000000015
0.2151964,-7.07898342e-06,0.37059741999999996
0.2152014,-6.87837968e-06,0.36985192999999983
0.2152064,-6.65663144e-06,0.36906479999999986
0.2152114,-6.41442158e-06,0.3682384299999999
0.2152164,-6.15249206e-06,0.36737529999999996
0.2152214,-5.87164918e-06,0.3664780699999999
0.2152264,-5.57275801e-06,0.36554942999999995
0.2152314,-5.2567377e-06,0.3645922300000002
0.2152364,-4.92455582e-06,0.36360939000000014
0.2152414,-4.57723761e-06,0.36260389000000015
0.2152464,-4.21585083e-06,0.36157883
0.2152514,-3.8415057e-06,0.36053731
0.2152564,-3.45535076e-06,0.3594825399999999
0.2152614,-3.05857485e-06,0.35841774000000015
0.2152664,-2.65239926e-06,0.35734620000000006
0.2152714,-2.23807127e-06,0.35627118999999996
0.2152764,-1.81686418e-06,0.35519602000000017
0.2152814,-1.3900733e-06,0.35412401000000004
0.2152864,-9.59011467e-07,0.3530584499999998
0.2152914,-5.25001884e-07,0.35200264000000003
0.2152964,-8.93798172e-08,0.3509598500000002
0.2153014,3.46516537e-07,0.34993329000000006
0.2153064,7.81345488e-07,0.3489261399999999
0.2153114,1.21377202e-06,0.34794153000000017
0.2153164,1.64246612e-06,0.34698249999999997
0.2153214,2.06611065e-06,0.34605204
0.2153264,2.48340263e-06,0.34515304999999996
0.2153314,2.89306055e-06,0.3442882999999999
0.2153364,3.29382478e-06,0.34346050000000017
0.2153414,3.68446283e-06,0.34267223999999996
0.2153464,4.06377588e-06,0.3419259499999998
0.2153514,4.43059607e-06,0.34122397999999987
0.2153564,4.78379731e-06,0.34056849999999983
0.2153614,5.12229392e-06,0.33996157999999976
0.2153664,5.44504456e-06,0.33940510000000024
0.2153714,5.7510585e-06,0.3389008
0.2153764,6.03939379e-06,0.33845026999999983
0.2153814,6.3091676e-06,0.33805490000000016
0.2153864,6.55954734e-06,0.33771594000000005
0.2153914,6.78976589e-06,0.3374344300000003
0.2153964,6.99911579e-06,0.33721126999999984
0.2154014,7.18695089e-06,0.33704714000000013
0.2154064,7.35269839e-06,0.33694256
0.2154114,7.49584638e-06,0.33689784999999994
0.2154164,7.61595592e-06,0.33691316000000016
0.2154214,7.71265844e-06,0.33698841000000024
0.2154264,7.78565616e-06,0.33712337000000026
0.2154314,7.8347243e-06,0.33731763000000003
0.2154364,7.85971463e-06,0.33757055999999985
0.2154414,7.86054896e-06,0.33788134999999975
0.2154464,7.83722573e-06,0.33824904999999994
0.2154514,7.78981663e-06,0.33867248000000005
0.2154564,7.71846715e-06,0.33915033000000006
0.2154614,7.62339726e-06,0.33968109
0.2154664,7.50490045e-06,0.34026310000000004
0.2154714,7.36333937e-06,0.34089453999999986
0.2154764,7.19915111e-06,0.3415734199999998
0.2154814,7.01284007e-06,0.3422976299999998
0.2154864,6.80497812e-06,0.34306491000000006
0.2154914,6.57620599e-06,0.34387285999999984
0.2154964,6.32722615e-06,0.34471896999999996
0.2155014,6.05880469e-06,0.34560060000000004
0.2155064,5.77176539e-06,0.34651501000000007
0.2155114,5.46699358e-06,0.3474593599999998
0.2155164,5.14542263e-06,0.3484307200000001
0.2155214,4.80804351e-06,0.3494260899999999
0.2155264,4.45589454e-06,0.35044235999999995
0.2155314,4.09005598e-06,0.3514764100000001
0.2155364,3.71165203e-06,0.3525250500000001
0.2155414,3.32184731e-06,0.35358504000000024
0.2155464,2.92183975e-06,0.35465309999999994
0.2155514,2.51285938e-06,0.35572596000000023
0.2155564,2.09616295e-06,0.3568003099999999
0.2155614,1.6730306e-06,0.35787286000000007
0.2155664,1.24476453e-06,0.3589403200000001
0.2155714,8.12679885e-07,0.35999942000000007
0.2155764,3.78105841e-07,0.36104691
0.2155814,-5.76222091e-08,0.36207960000000017
0.2155864,-4.93165828e-07,0.3630943299999998
0.2155914,-9.27185564e-07,0.3640880099999999
0.2155964,-1.35834714e-06,0.36505761999999975
0.2156014,-1.78532575e-06,0.36600019000000006
0.2156064,-2.20680882e-06,0.36691286000000023
0.2156114,-2.62150111e-06,0.36779287000000016
0.2156164,-3.02812733e-06,0.36863753
0.2156214,-3.42543769e-06,0.36944429999999984
0.2156264,-3.8122123e-06,0.3702106999999999
0.2156314,-4.1872612e-06,0.3709344499999998
0.2156364,-4.54943285e-06,0.37161332999999996
0.2156414,-4.89761178e-06,0.37224532
0.2156464,-5.23073078e-06,0.3728284599999998
0.2156514,-5.54776505e-06,0.3733610399999998
0.2156564,-5.84773845e-06,0.3738414099999998
0.2156614,-6.12973143e-06,0.3742681400000001
0.2156664,-6.39287592e-06,0.37463994
0.2156714,-6.63636469e-06,0.37495568
0.2156764,-6.8594489e-06,0.37521442000000005
0.2156814,-7.06144046e-06,0.37541535000000015
0.2156864,-7.24172315e-06,0.3755578999999998
0.2156914,-7.39974009e-06,0.37564160999999974
0.2156964,-7.53500581e-06,0.37566624000000015
0.2157014,-7.647106e-06,0.3756317
0.2157064,-7.73569471e-06,0.37553811000000015
0.2157114,-7.80050222e-06,0.3753857199999999
0.2157164,-7.84132588e-06,0.37517501
0.2157214,-7.85804359e-06,0.3749066000000001
0.2157264,-7.85060486e-06,0.37458128999999984
0.2157314,-7.8190285e-06,0.3742000799999998
0.2157364,-7.76341569e-06,0.37376410000000004
0.2157414,-7.68393605e-06,0.37327467000000025
0.2157464,-7.58083392e-06,0.37273325
0.2157514,-7.45442842e-06,0.37214148999999974
0.2157564,-7.30510451e-06,0.3715011800000001
0.2157614,-7.13332514e-06,0.37081423000000013
0.2157664,-6.93961791e-06,0.37008273000000025
0.2157714,-6.72457567e-06,0.36930891
0.2157764,-6.48886349e-06,0.36849509000000014
0.2157814,-6.2332024e-06,0.36764375000000005
0.2157864,-5.95838101e-06,0.36675747000000003
0.2157914,-5.66524394e-06,0.3658389599999998
0.2157964,-5.35469108e-06,0.3648910000000001
0.2158014,-5.02768003e-06,0.3639164800000001
0.2158064,-4.68521336e-06,0.3629183699999998
0.2158114,-4.32834491e-06,0.36189973
0.2158164,-3.95817209e-06,0.36086366999999986
0.2158214,-3.57583246e-06,0.3598133400000001
0.2158264,-3.1825019e-06,0.3587519800000001
0.2158314,-2.77938953e-06,0.35768283999999984
0.2158364,-2.36773312e-06,0.35660920000000007
0.2158414,-1.94880026e-06,0.3555343599999998
0.2158464,-1.52387786e-06,0.35446164999999996
0.2158514,-1.09427383e-06,0.35339434000000014
0.2158564,-6.61305389e-07,0.35233574999999995
0.2158614,-2.26306034e-07,0.3512891399999998
0.2158664,2.09388094e-07,0.3502577499999997
0.2158714,6.4443857e-07,0.34924476000000015
0.2158764,1.07750473e-06,0.3482533200000002
0.2158814,1.50725864e-06,0.3472865100000002
0.2158864,1.93237797e-06,0.34634730999999985
0.2158914,2.35155726e-06,0.3454386600000001
0.2158964,2.76350823e-06,0.3445633699999999
0.2159014,3.16696115e-06,0.34372417999999993
0.2159064,3.56067965e-06,0.3429236900000001
0.2159114,3.94345355e-06,0.34216439
0.2159164,4.31410359e-06,0.3414486699999999
0.2159214,4.67149226e-06,0.34077876000000007
0.2159264,5.01452336e-06,0.3401567299999999
0.2159314,5.34213954e-06,0.3395845300000002
0.2159364,5.65333343e-06,0.33906395999999983
0.2159414,5.94715163e-06,0.33859664
0.2159464,6.22268964e-06,0.3381840300000001
0.2159514,6.47910084e-06,0.33782742
0.2159564,6.71559689e-06,0.33752791999999987
0.2159614,6.93145108e-06,0.3372864900000001
0.2159664,7.12600196e-06,0.33710384000000015
0.2159714,7.29864971e-06,0.33698056
0.2159764,7.44886516e-06,0.3369170399999999
0.2159814,7.57618686e-06,0.3369134800000002
0.2159864,7.68022289e-06,0.33696985
0.2159914,7.76065448e-06,0.33708600999999994
0.2159964,7.81723308e-06,0.3372615800000003
0.2160014,7.8497865e-06,0.33749598999999986
0.2160064,7.85821509e-06,0.33778851
0.2160114,7.84249364e-06,0.33813822000000027
0.2160164,7.80266966e-06,0.33854402000000006
0.2160214,7.73886557e-06,0.3390046400000002
0.2160264,7.65127937e-06,0.33951862
0.2160314,7.54017909e-06,0.34008435999999986
0.2160364,7.40590638e-06,0.34070009999999984
0.2160414,7.24887602e-06,0.34136388000000006
0.2160464,7.0695689e-06,0.3420736500000001
0.2160514,6.86853934e-06,0.34282718999999995
0.2160564,6.64640169e-06,0.34362214000000013
0.2160614,6.40384142e-06,0.3444560299999999
0.2160664,6.14160326e-06,0.34532625000000006
0.2160714,5.8604931e-06,0.3462301299999999
0.2160764,5.56137779e-06,0.34716480999999977
0.2160814,5.24517444e-06,0.3481274299999999
0.2160864,4.91285488e-06,0.34911497999999996
0.2160914,4.56544281e-06,0.35012440999999983
0.2160964,4.20400408e-06,0.3511525999999998
0.2161014,3.82965096e-06,0.35219637999999986
0.2161064,3.44353565e-06,0.3532525099999999
0.2161114,3.04684126e-06,0.3543177500000001
0.2161164,2.64079047e-06,0.35538881999999994
0.2161214,2.2266304e-06,0.35646241
0.2161264,1.80563342e-06,0.3575352500000002
0.2161314,1.37909477e-06,0.35860402
0.2161364,9.48324818e-07,0.35966546999999993
0.2161414,5.14649192e-07,0.36071633999999997
0.2161464,7.93990288e-08,0.3617534099999997
0.2161514,-3.56087394e-07,0.3627735200000002
0.2161564,-7.90471397e-07,0.3637735500000001
0.2161614,-1.22241682e-06,0.36475046999999994
0.2161664,-1.65059636e-06,0.36570128000000013
0.2161714,-2.07369623e-06,0.3666231099999999
0.2161764,-2.49041443e-06,0.36751314999999996
0.2161814,-2.89946837e-06,0.3683687000000002
0.2161864,-3.29960334e-06,0.36918716000000007
0.2161914,-3.68958821e-06,0.3699660599999999
0.2161964,-4.06822453e-06,0.37070303000000004
0.2162014,-4.43434811e-06,0.3713958399999999
0.2162064,-4.78683416e-06,0.3720424000000002
0.2162114,-5.12460009e-06,0.3726407399999998
0.2162164,-5.44660594e-06,0.37318907
0.2162214,-5.75186531e-06,0.37368573000000005
0.2162264,-6.03943577e-06,0.37412919999999983
0.2162314,-6.30843818e-06,0.37451818000000014
0.2162364,-6.55804264e-06,0.37485146000000014
0.2162414,-6.78748108e-06,0.37512805999999976
0.2162464,-6.9960527e-06,0.3753471100000001
0.2162514,-7.18311206e-06,0.3755079800000001
0.2162564,-7.34808729e-06,0.3756101700000001
0.2162614,-7.49047082e-06,0.3756533599999998
0.2162664,-7.60982335e-06,0.37563742999999983
0.2162714,-7.705782e-06,0.37556243
0.2162764,-7.77804902e-06,0.37542856999999996
0.2162814,-7.82640237e-06,0.37523624999999994
0.2162864,-7.85069464e-06,0.37498604999999996
0.2162914,-7.85085224e-06,0.37467873000000007
0.2162964,-7.8268737e-06,0.3743151899999999
0.2163014,-7.77883294e-06,0.37389654999999977
0.2163064,-7.70687758e-06,0.3734240500000001
0.2163114,-7.61123036e-06,0.37289912999999997
0.2163164,-7.4921846e-06,0.37232334999999983
0.2163214,-7.35010619e-06,0.37169845999999995
0.2163264,-7.18543267e-06,0.3710263599999999
0.2163314,-6.99867081e-06,0.3703090800000002
0.2163364,-6.79039315e-06,0.36954876000000003
0.2163414,-6.56124049e-06,0.36874773000000016
0.2163464,-6.3119209e-06,0.3679084199999998
0.2163514,-6.04319644e-06,0.36703336
0.2163564,-5.75589571e-06,0.36612522999999997
0.2163614,-5.45090074e-06,0.3651867900000001
0.2163664,-5.12915063e-06,0.3642208699999998
0.2163714,-4.791634e-06,0.3632304500000001
0.2163764,-4.43938755e-06,0.3622185299999998
0.2163814,-4.07349689e-06,0.36118822000000006
0.2163864,-3.69508376e-06,0.36014265999999995
0.2163914,-3.30531233e-06,0.35908505
0.2163964,-2.90538177e-06,0.35801864000000005
0.2164014,-2.49652137e-06,0.35694669999999995
0.2164064,-2.07998652e-06,0.3558725199999999
0.2164114,-1.65706019e-06,0.35479942
0.2164164,-1.22904217e-06,0.35373070000000006
0.2164214,-7.97246316e-07,0.35266964999999995
0.2164264,-3.63000365e-07,0.3516195500000001
0.2164314,7.23601246e-08,0.3505836400000002
0.2164364,5.0749642e-07,0.3495651299999998
0.2164414,9.41072221e-07,0.34856717999999987
0.2164464,1.37175466e-06,0.34759286999999994
0.2164514,1.79821868e-06,0.34664523999999997
0.2164564,2.21915485e-06,0.3457272200000001
0.2164614,2.6332688e-06,0.34484168999999976
0.2164664,3.03928686e-06,0.3439913600000002
0.2164714,3.43596169e-06,0.34317891
0.2164764,3.82207333e-06,0.34240685999999987
0.2164814,4.19643811e-06,0.34167762999999995
0.2164864,4.55790211e-06,0.34099349999999995
0.2164914,4.90535521e-06,0.3403565700000002
0.2164964,5.23773114e-06,0.3397688600000002
0.2165014,5.5540062e-06,0.3392321899999997
0.2165064,5.85320985e-06,0.3387482500000001
0.2165114,6.13442215e-06,0.3383185499999999
0.2165164,6.39677803e-06,0.3379444300000001
0.2165214,6.63947324e-06,0.3376270600000002
0.2165264,6.86176149e-06,0.33736743
0.2165314,7.06295858e-06,0.33716634000000023
0.2165364,7.24244671e-06,0.33702443999999976
0.2165414,7.39967557e-06,0.3369421399999999
0.2165464,7.53416168e-06,0.33691973
0.2165514,7.645491e-06,0.33695724000000005
0.2165564,7.73332178e-06,0.33705456999999983
0.2165614,7.79738471e-06,0.3372114099999999
0.2165664,7.83748279e-06,0.3374272599999997
0.2165714,7.8534958e-06,0.33770144
0.2165764,7.84537071e-06,0.33803308
0.2165814,7.81313464e-06,0.3384211399999999
0.2165864,7.75688774e-06,0.33886439999999984
0.2165914,7.67680022e-06,0.33936147000000005
0.2165964,7.57312331e-06,0.3399107899999998
0.2166014,7.44617276e-06,0.34051064
0.2166064,7.29633931e-06,0.34115914
0.2166114,7.12408357e-06,0.34185427000000024
0.2166164,6.92993511e-06,0.3425938500000001
0.2166214,6.71449271e-06,0.3433755799999998
0.2166264,6.47841815e-06,0.34419699999999986
0.2166314,6.22243675e-06,0.3450555700000002
0.2166364,5.94733347e-06,0.3459486300000001
0.2166414,5.65395917e-06,0.3468733799999999
0.2166464,5.34321214e-06,0.34782696000000013
0.2166514,5.01604827e-06,0.3488064100000001
0.2166564,4.67347224e-06,0.34980869000000014
0.2166614,4.31654e-06,0.3508307100000001
0.2166664,3.94634746e-06,0.3518693099999999
0.2166714,3.56403113e-06,0.3529212799999999
0.2166764,3.17076821e-06,0.35398337999999985
0.2166814,2.76776544e-06,0.35505233000000014
0.2166864,2.35626593e-06,0.35612485000000005
0.2166914,1.93752955e-06,0.35719762999999993
0.2166964,1.51284627e-06,0.35826741000000006
0.2167014,1.08352156e-06,0.35933088000000013
0.2167064,6.50874637e-07,0.3603847899999999
0.2167114,2.16233422e-07,0.36142591999999985
0.2167164,-2.19064044e-07,0.3624510900000002
0.2167214,-6.53677769e-07,0.3634571700000002
0.2167264,-1.08627636e-06,0.36444109999999985
0.2167314,-1.51552793e-06,0.3653998599999999
0.2167364,-1.94011182e-06,0.36633055999999975
0.2167414,-2.35872553e-06,0.36723035999999976
0.2167464,-2.77008109e-06,0.3680965300000001
0.2167514,-3.17291345e-06,0.3689264400000001
0.2167564,-3.56598558e-06,0.3697175600000002
0.2167614,-3.94808989e-06,0.3704675100000001
0.2167664,-4.31805082e-06,0.3711740200000002
0.2167714,-4.67473097e-06,0.3718349400000003
0.2167764,-5.01703685e-06,0.37244830000000007
0.2167814,-5.34391282e-06,0.3730121999999998
0.2167864,-5.65435488e-06,0.37352496999999985
0.2167914,-5.94741165e-06,0.37398504999999993
0.2167964,-6.22218104e-06,0.3743910600000002
0.2168014,-6.47781616e-06,0.37474176000000003
0.2168064,-6.71353502e-06,0.3750361000000002
0.2168114,-6.92861235e-06,0.37527318
0.2168164,-7.12238563e-06,0.37545230000000007
0.2168214,-7.29426003e-06,0.37557291000000004
0.2168264,-7.44370865e-06,0.37563465000000007
0.2168314,-7.57027205e-06,0.3756373099999999
0.2168364,-7.67355885e-06,0.3755808999999999
0.2168414,-7.75325564e-06,0.3754655800000002
0.2168464,-7.80911509e-06,0.3752916999999998
0.2168514,-7.84096702e-06,0.3750597600000003
0.2168564,-7.8487119e-06,0.37477048999999996
0.2168614,-7.83232701e-06,0.37442471999999993
0.2168664,-7.79186525e-06,0.37402351
0.2168714,-7.72744813e-06,0.3735680699999999
0.2168764,-7.6392746e-06,0.37305977
0.2168814,-7.52761639e-06,0.37250013000000015
0.2168864,-7.39281737e-06,0.37189085999999993
0.2168914,-7.23529177e-06,0.37123378000000007
0.2168964,-7.05552401e-06,0.3705308899999997
0.2169014,-6.85406553e-06,0.3697843100000002
0.2169064,-6.63153781e-06,0.3689962899999999
0.2169114,-6.38862442e-06,0.36816924000000006
0.2169164,-6.12607129e-06,0.3673056600000002
0.2169214,-5.84468763e-06,0.3664081699999999
0.2169264,-5.5453372e-06,0.36547949000000024
0.2169314,-5.22894026e-06,0.3645224800000002
0.2169364,-4.89646933e-06,0.3635400200000001
0.2169414,-4.54894767e-06,0.3625351299999999
0.2169464,-4.18744315e-06,0.36151087999999976
0.2169514,-3.81306827e-06,0.3604703800000002
0.2169564,-3.42697072e-06,0.3594168500000001
0.2169614,-3.03034045e-06,0.3583534800000001
0.2169664,-2.62439648e-06,0.3572835699999999
0.2169714,-2.21038498e-06,0.35621038000000005
0.2169764,-1.78958027e-06,0.35513722000000003
0.2169814,-1.36327591e-06,0.35406740999999986
0.2169864,-9.32782694e-07,0.3530042299999998
0.2169914,-4.99422141e-07,0.35195096000000015
0.2169964,-6.45270445e-08,0.3509108699999999
0.2170014,3.70564772e-07,0.34988715000000004
0.2170064,8.04517109e-07,0.34888299999999983
0.2170114,1.235994e-06,0.34790151999999996
0.2170164,1.66367122e-06,0.3469457599999999
0.2170214,2.08623433e-06,0.3460186599999997
0.2170264,2.50238241e-06,0.34512315000000005
0.2170314,2.91083901e-06,0.34426197999999997
0.2170364,3.31034607e-06,0.34343783000000006
0.2170414,3.69967823e-06,0.3426532900000001
0.2170464,4.07763582e-06,0.34191079
0.2170514,4.44305995e-06,0.3412126500000001
0.2170564,4.79482704e-06,0.34056105000000003
0.2170614,5.13185471e-06,0.3399580200000003
0.2170664,5.45310864e-06,0.3394054399999997
0.2170714,5.75759984e-06,0.33890505000000015
0.2170764,6.04439342e-06,0.3384584099999999
0.2170814,6.31260929e-06,0.33806691
0.2170864,6.56142156e-06,0.33773178000000015
0.2170914,6.7900667e-06,0.33745407000000016
0.2170964,6.99784262e-06,0.3372346300000002
0.2171014,7.1841085e-06,0.3370741399999999
0.2171064,7.34829323e-06,0.3369731400000002
0.2171114,7.48989362e-06,0.3369319000000002
0.2171164,7.6084744e-06,0.3369505699999997
0.2171214,7.70366979e-06,0.3370290600000001
0.2171264,7.77518814e-06,0.33716716000000013
0.2171314,7.82281115e-06,0.3373643999999998
0.2171364,7.84639283e-06,0.33762016000000017
0.2171414,7.84585848e-06,0.3379336500000001
0.2171464,7.82121208e-06,0.3383038599999999
0.2171514,7.77252809e-06,0.3387296500000001
0.2171564,7.69995883e-06,0.3392096699999998
0.2171614,7.60372616e-06,0.3397424200000001
0.2171664,7.48412467e-06,0.34032623000000006
0.2171714,7.34152516e-06,0.34095926
0.2171764,7.17636465e-06,0.34163955000000024
0.2171814,6.98915271e-06,0.34236496000000005
0.2171864,6.78046147e-06,0.3431332199999999
0.2171914,6.55093564e-06,0.34394196
0.2171964,6.30128148e-06,0.3447886200000001
0.2172014,6.03226354e-06,0.34567059999999983
0.2172064,5.74471205e-06,0.34658513999999996
0.2172114,5.43950773e-06,0.34752939999999977
0.2172164,5.11759173e-06,0.3485004599999999
0.2172214,4.77995251e-06,0.34949529999999984
0.2172264,4.42762857e-06,0.35051085000000004
0.2172314,4.06170323e-06,0.3515439600000001
0.2172364,3.68330066e-06,0.35259145000000003
0.2172414,3.29358311e-06,0.35365008
0.2172464,2.89375008e-06,0.35471660000000016
0.2172514,2.48503098e-06,0.35578770000000004
0.2172564,2.06867982e-06,0.35686012999999983
0.2172614,1.64597924e-06,0.35793056999999995
0.2172664,1.21822751e-06,0.3589957399999999
0.2172714,7.86740006e-07,0.36005237000000023
0.2172764,3.52840684e-07,0.3610972400000001
0.2172814,-8.21343725e-08,0.3621271599999998
0.2172864,-5.16848796e-07,0.36313898
0.2172914,-9.4996636e-07,0.3641296000000003
0.2172964,-1.3801565e-06,0.3650960299999999
0.2173014,-1.80609567e-06,0.36603529999999984
0.2173064,-2.22647518e-06,0.3669445800000002
0.2173114,-2.6400038e-06,0.3678210900000001
0.2173164,-3.04540987e-06,0.3686621700000001
0.2173214,-3.44144636e-06,0.36946528
0.2173264,-3.82689792e-06,0.3702279800000001
0.2173314,-4.20057834e-06,0.3709479600000001
0.2173364,-4.56133984e-06,0.3716230399999998
0.2173414,-4.9080732e-06,0.3722511700000002
0.2173464,-5.239714e-06,0.37283047
0.2173514,-5.55524145e-06,0.37335918999999995
0.2173564,-5.8536863e-06,0.37383571000000004
0.2173614,-6.13413122e-06,0.37425861000000027
0.2173664,-6.39571524e-06,0.37462660000000025
0.2173714,-6.63763412e-06,0.3749385900000002
0.2173764,-6.85914288e-06,0.3751936100000002
0.2173814,-7.05956384e-06,0.3753909099999999
0.2173864,-7.23827759e-06,0.37552988
0.2173914,-7.39473863e-06,0.37561011
0.2173964,-7.52846196e-06,0.37563135000000014
0.2174014,-7.63904069e-06,0.3755935300000002
0.2174064,-7.72613299e-06,0.3754967600000001
0.2174114,-7.78947245e-06,0.3753413299999999
0.2174164,-7.82886345e-06,0.3751277100000001
0.2174214,-7.8441857e-06,0.37485652999999997
0.2174264,-7.83539288e-06,0.37452861999999976
0.2174314,-7.80251012e-06,0.37414495000000003
0.2174364,-7.74564144e-06,0.37370667999999996
0.2174414,-7.6649606e-06,0.3732151399999999
0.2174464,-7.56071676e-06,0.37267178999999984
0.2174514,-7.43322966e-06,0.37207829000000014
0.2174564,-7.28289059e-06,0.37143642
0.2174614,-7.11016267e-06,0.37074812
0.2174664,-6.91557792e-06,0.37001547
0.2174714,-6.69973265e-06,0.36924069000000004
0.2174764,-6.46329262e-06,0.36842613000000024
0.2174814,-6.20698468e-06,0.3675742599999998
0.2174864,-5.93159547e-06,0.3666876699999999
0.2174914,-5.63797221e-06,0.36576904999999993
0.2174964,-5.32701922e-06,0.36482119999999996
0.2175014,-4.99969153e-06,0.36384700999999975
0.2175064,-4.65699356e-06,0.36284943999999975
0.2175114,-4.29998137e-06,0.3618315499999998
0.2175164,-3.92975091e-06,0.36079643000000017
0.2175214,-3.5474413e-06,0.3597472799999999
0.2175264,-3.15422827e-06,0.35868728000000005
0.2175314,-2.75131962e-06,0.35761972
0.2175364,-2.33995518e-06,0.35654784000000017
0.2175414,-1.92139769e-06,0.35547496
0.2175464,-1.49693525e-06,0.3544043800000001
0.2175514,-1.06787172e-06,0.35333938
0.2175564,-6.355277e-07,0.35228328
0.2175614,-2.01229806e-07,0.35123932000000013
0.2175664,2.33684193e-07,0.3502107299999999
0.2175714,6.67878785e-07,0.34920069
0.2175764,1.10002005e-06,0.3482123400000001
0.2175814,1.5287788e-06,0.3472487399999997
0.2175864,1.95283827e-06,0.34631287999999993
0.2175914,2.3708929e-06,0.34540767000000017
0.2175964,2.78165928e-06,0.3445359200000002
0.2176014,3.18387424e-06,0.34370036000000015
0.2176064,3.57630283e-06,0.34290358
0.2176114,3.95773592e-06,0.3421480399999999
0.2176164,4.32700408e-06,0.3414361399999999
0.2176214,4.68297114e-06,0.3407700800000002
0.2176264,5.02454401e-06,0.34015194000000015
0.2176314,5.3506722e-06,0.33958365000000024
0.2176364,5.66035334e-06,0.3390669799999999
0.2176414,5.95263623e-06,0.3386035599999999
0.2176464,6.22662164e-06,0.33819482999999995
0.2176514,6.48146817e-06,0.33784205999999983
0.2176564,6.71639309e-06,0.33754635999999993
0.2176614,6.93067422e-06,0.3373086599999999
0.2176664,7.12365368e-06,0.3371296799999999
0.2176714,7.29473909e-06,0.33701000000000003
0.2176764,7.44340138e-06,0.3369499800000002
0.2176814,7.56918771e-06,0.33694981999999984
0.2176864,7.67171072e-06,0.3370094800000001
0.2176914,7.75065439e-06,0.3371288000000001
0.2176964,7.80577844e-06,0.3373073900000001
0.2177014,7.83691084e-06,0.33754468999999987
0.2177064,7.84395946e-06,0.33783994000000006
0.2177114,7.82690157e-06,0.3381922300000002
0.2177164,7.78578721e-06,0.33860043000000006
0.2177214,7.72074624e-06,0.3390632800000002
0.2177264,7.63197889e-06,0.33957930999999997
0.2177314,7.51975689e-06,0.3401469100000001
0.2177364,7.38442566e-06,0.34076430999999996
0.2177414,7.22640265e-06,0.3414295599999997
0.2177464,7.04617293e-06,0.3421405900000001
0.2177514,6.84429144e-06,0.34289517999999997
0.2177564,6.62137706e-06,0.34369096999999993
0.2177614,6.3781164e-06,0.34452547999999994
0.2177664,6.1152579e-06,0.34539613000000013
0.2177714,5.83360849e-06,0.3463001899999998
0.2177764,5.53403642e-06,0.3472348700000001
0.2177814,5.21745989e-06,0.34819723999999974
0.2177864,4.8848528e-06,0.3491843400000001
0.2177914,4.53724e-06,0.35019310999999975
0.2177964,4.17568813e-06,0.3512204299999999
0.2178014,3.80130699e-06,0.35226311999999993
0.2178064,3.41525041e-06,0.35331796999999976
0.2178114,3.01870407e-06,0.3543817200000001
0.2178164,2.61288593e-06,0.3554511
0.2178214,2.19904647e-06,0.35652282999999985
0.2178264,1.77845398e-06,0.3575936100000001
0.2178314,1.35240309e-06,0.35866014
0.2178364,9.2220449e-07,0.3597191799999999
0.2178414,4.89178691e-07,0.36076748000000025
0.2178464,5.4657026e-08,0.3618018300000001
0.2178514,-3.80023368e-07,0.3628190600000003
0.2178564,-8.13529274e-07,0.36381609000000004
0.2178614,-1.24452581e-06,0.36478987000000007
0.2178664,-1.67168709e-06,0.3657374299999998
0.2178714,-2.09370422e-06,0.3666558900000001
0.2178764,-2.5092774e-06,0.3675424599999999
0.2178814,-2.91712899e-06,0.3683944600000002
0.2178864,-3.31600776e-06,0.3692093000000001
0.2178914,-3.70468503e-06,0.36998449999999994
0.2178964,-4.08196625e-06,0.3707177100000001
0.2179014,-4.44669421e-06,0.37140673000000013
0.2179064,-4.79774661e-06,0.37204946000000017
0.2179114,-5.13404499e-06,0.37264397000000016
0.2179164,-5.45455456e-06,0.3731884299999999
0.2179214,-5.75829139e-06,0.37368124
0.2179264,-6.04432227e-06,0.37412089000000015
0.2179314,-6.31176626e-06,0.37450605000000015
0.2179364,-6.55980417e-06,0.37483555999999996
0.2179414,-6.78767055e-06,0.3751084199999999
0.2179464,-6.9946693e-06,0.3753238200000002
0.2179514,-7.18016093e-06,0.3754810900000001
0.2179564,-7.34357498e-06,0.37557975999999993
0.2179614,-7.48441237e-06,0.37561954
0.2179664,-7.60223817e-06,0.37560028999999995
0.2179714,-7.69669197e-06,0.37552209000000003
0.2179764,-7.76748203e-06,0.3753851400000001
0.2179814,-7.81439231e-06,0.37518988
0.2179864,-7.83727869e-06,0.3749368700000002
0.2179914,-7.83606975e-06,0.37462689000000027
0.2179964,-7.81077016e-06,0.37426084999999976
0.2180014,-7.7614582e-06,0.3738398599999999
0.2180064,-7.68828466e-06,0.37336521
0.2180114,-7.5914759e-06,0.3728382800000001
0.2180164,-7.47132979e-06,0.37226071000000016
0.2180214,-7.32821671e-06,0.37163420999999985
0.2180264,-7.16257323e-06,0.3709606900000002
0.2180314,-6.97491183e-06,0.37024218
0.2180364,-6.7658091e-06,0.3694808599999999
0.2180414,-6.53590632e-06,0.3686790200000001
0.2180464,-6.28591333e-06,0.3678391200000002
0.2180514,-6.01659582e-06,0.36696368
0.2180564,-5.72878383e-06,0.36605538000000015
0.2180614,-5.42336046e-06,0.3651169700000001
0.2180664,-5.1012669e-06,0.36415131000000023
0.2180714,-4.76349286e-06,0.3631613600000001
0.2180764,-4.41107597e-06,0.36215012999999985
0.2180814,-4.04509964e-06,0.3611207099999998
0.2180864,-3.66668887e-06,0.36007624000000016
0.2180914,-3.27700856e-06,0.3590199399999998
0.2180964,-2.87725481e-06,0.35795502999999984
0.2181014,-2.46865774e-06,0.35688479000000006
0.2181064,-2.05247165e-06,0.3558125099999998
0.2181114,-1.62997895e-06,0.3547414900000001
0.2181164,-1.2024761e-06,0.35367503
0.2181214,-7.71278157e-07,0.35261639999999983
0.2181264,-3.37710908e-07,0.3515689000000002
0.2181314,9.68955575e-08,0.35053575000000015
0.2181364,5.3120162e-07,0.3495201499999998
0.2181414,9.63873e-07,0.34852524000000007
0.2181464,1.3935822e-06,0.3475541099999999
0.2181514,1.81900685e-06,0.3466097800000001
0.2181564,2.23883895e-06,0.34569516999999994
0.2181614,2.65178733e-06,0.3448131299999999
0.2181664,3.05658533e-06,0.34396641000000017
0.2181714,3.45198642e-06,0.34315764000000004
0.2181764,3.83677493e-06,0.34238933999999976
0.2181814,4.20977111e-06,0.34166390999999985
0.2181864,4.56982533e-06,0.3409836099999999
0.2181914,4.91583306e-06,0.34035055999999986
0.2181964,5.24673048e-06,0.3397667500000001
0.2182014,5.56150081e-06,0.3392339899999999
0.2182064,5.85917519e-06,0.33875394999999986
0.2182114,6.13884117e-06,0.33832812999999984
0.2182164,6.39963903e-06,0.3379578500000002
0.2182214,6.64076506e-06,0.3376443
0.2182264,6.86147904e-06,0.3373884199999999
0.2182314,7.06110482e-06,0.33719103000000006
0.2182364,7.23902783e-06,0.3370527400000001
0.2182414,7.39470045e-06,0.33697398
0.2182464,7.52764643e-06,0.33695498
0.2182514,7.63745793e-06,0.3369958200000003
0.2182564,7.72379338e-06,0.3370963599999999
0.2182614,7.78639122e-06,0.3372562699999999
0.2182664,7.82505924e-06,0.33747504000000017
0.2182714,7.83967775e-06,0.3377519900000001
0.2182764,7.83020211e-06,0.3380862600000001
0.2182814,7.79666317e-06,0.33847676999999976
0.2182864,7.739163e-06,0.33892232999999994
0.2182914,7.65787772e-06,0.33942150000000004
0.2182964,7.55305931e-06,0.3399727400000001
0.2183014,7.42503053e-06,0.34057432
0.2183064,7.2741841e-06,0.3412243399999999
0.2183114,7.10098359e-06,0.3419207900000001
0.2183164,6.90596165e-06,0.34266149
0.2183214,6.68971913e-06,0.34344412
0.2183264,6.45292127e-06,0.34426623999999983
0.2183314,6.19629422e-06,0.3451252899999999
0.2183364,5.92062799e-06,0.34601861
0.2183414,5.62676901e-06,0.34694340999999995
0.2183464,5.31562305e-06,0.34789683000000005
0.2183514,4.98814449e-06,0.3488759000000001
0.2183564,4.64534066e-06,0.34987758
0.2183614,4.28826757e-06,0.35089879999999996
0.2183664,3.91801974e-06,0.35193638000000016
0.2183714,3.53573594e-06,0.3529871200000001
0.2183764,3.14259214e-06,0.3540478
0.2183814,2.739797e-06,0.35511513000000017
0.2183864,2.32858875e-06,0.35618583000000004
0.2183914,1.91023071e-06,0.35725662999999996
0.2183964,1.48600906e-06,0.3583242200000001
0.2184014,1.057228e-06,0.35938532999999984
0.2184064,6.25205469e-07,0.36043672000000004
0.2184114,1.91270563e-07,0.3614751799999998
0.2184164,-2.43245414e-07,0.36249752
0.2184214,-6.77005711e-07,0.36350064000000004
0.2184264,-1.10867598e-06,0.36448146999999986
0.2184314,-1.53693173e-06,0.3654370200000001
0.2184364,-1.96045438e-06,0.36636438999999976
0.2184414,-2.37794194e-06,0.36726075999999996
0.2184464,-2.78811386e-06,0.3681234
0.2184514,-3.1897081e-06,0.3689496900000002
0.2184564,-3.58148954e-06,0.3697371500000002
0.2184614,-3.96225474e-06,0.37048338000000025
0.2184664,-4.33083198e-06,0.3711861000000001
0.2184714,-4.68609154e-06,0.3718432199999999
0.2184764,-5.02693853e-06,0.37245271999999985
0.2184814,-5.35232752e-06,0.3730127699999999
0.2184864,-5.66125755e-06,0.37352169
0.2184914,-5.95277921e-06,0.3739779299999999
0.2184964,-6.22599706e-06,0.37438011999999987
0.2185014,-6.4800697e-06,0.37472704000000023
0.2185064,-6.71421838e-06,0.37501764000000004
0.2185114,-6.92772242e-06,0.3752510400000002
0.2185164,-7.11992693e-06,0.37542655000000025
0.2185214,-7.29023903e-06,0.37554361999999997
0.2185264,-7.43813846e-06,0.37560189999999993
0.2185314,-7.56316824e-06,0.37560122000000007
0.2185364,-7.66494443e-06,0.37554158000000015
0.2185414,-7.7431562e-06,0.3754231400000001
0.2185464,-7.79756206e-06,0.37524625999999994
0.2185514,-7.82799435e-06,0.3750114699999998
0.2185564,-7.83436157e-06,0.37471949000000015
0.2185614,-7.81664394e-06,0.37437116999999986
0.2185664,-7.77489439e-06,0.37396757999999974
0.2185714,-7.70924199e-06,0.37350992000000005
0.2185764,-7.61988943e-06,0.37299957000000017
0.2185814,-7.50711305e-06,0.3724380800000002
0.2185864,-7.37125874e-06,0.37182713999999994
0.2185914,-7.21274244e-06,0.37116857000000003
0.2185964,-7.03205373e-06,0.37046440000000014
0.2186014,-6.82974803e-06,0.3697167400000001
0.2186064,-6.60644553e-06,0.3689278600000001
0.2186114,-6.3628345e-06,0.3681001399999999
0.2186164,-6.09966464e-06,0.3672361099999999
0.2186214,-5.81774309e-06,0.36633837999999996
0.2186264,-5.5179391e-06,0.3654096800000002
0.2186314,-5.2011731e-06,0.36445284999999994
0.2186364,-4.86841699e-06,0.3634708099999999
0.2186414,-4.52069726e-06,0.36246653000000006
0.2186464,-4.15907979e-06,0.3614430999999998
0.2186514,-3.78467874e-06,0.36040364000000014
0.2186564,-3.398646e-06,0.35935134000000013
0.2186614,-3.00216494e-06,0.3582894200000002
0.2186664,-2.59645574e-06,0.3572211399999998
0.2186714,-2.18276672e-06,0.3561497899999999
0.2186764,-1.76236884e-06,0.35507866
0.2186814,-1.33655414e-06,0.35401104000000005
0.2186864,-9.06631892e-07,0.35295023999999997
0.2186914,-4.73924586e-07,0.3518995100000002
0.2186964,-3.97602112e-08,0.3508621199999997
0.2187014,3.94524292e-07,0.34984127
0.2187064,8.2759709e-07,0.34884012
0.2187114,1.25812404e-06,0.3478617700000002
0.2187164,1.68478122e-06,0.3469092600000001
0.2187214,2.10626105e-06,0.34598555
0.2187264,2.52126409e-06,0.34509350000000016
0.2187314,2.92851727e-06,0.34423590000000015
0.2187364,3.32676884e-06,0.34341541
0.2187414,3.71479153e-06,0.34263458000000013
0.2187464,4.0913962e-06,0.3418958700000001
0.2187514,4.45542462e-06,0.34120154999999985
0.2187564,4.80575673e-06,0.34055382000000023
0.2187614,5.141318e-06,0.3399546800000002
0.2187664,5.46107438e-06,0.3394060099999998
0.2187714,5.76404507e-06,0.3389095200000001
0.2187764,6.04929856e-06,0.3384667699999997
0.2187814,6.31595933e-06,0.3380791299999999
0.2187864,6.56320653e-06,0.33774782000000014
0.2187914,6.79027978e-06,0.33747386999999995
0.2187964,6.99648336e-06,0.3372581399999999
0.2188014,7.1811827e-06,0.33710130000000005
0.2188064,7.34380991e-06,0.3370038499999999
0.2188114,7.48386534e-06,0.3369660700000001
0.2188164,7.6009215e-06,0.3369880900000002
0.2188214,7.69461502e-06,0.3370698300000001
0.2188264,7.76465878e-06,0.33721102999999975
0.2188314,7.81084091e-06,0.33741124
0.2188364,7.83301669e-06,0.33766982999999984
0.2188414,7.83111857e-06,0.33798598999999996
0.2188464,7.8051544e-06,0.33835872
0.2188514,7.75520212e-06,0.3387868500000002
0.2188564,7.68141771e-06,0.33926902999999986
0.2188614,7.58402731e-06,0.3398037600000001
0.2188664,7.46332943e-06,0.34038934
0.2188714,7.31969587e-06,0.34102396999999973
0.2188764,7.15356988e-06,0.34170564000000003
0.2188814,6.96546108e-06,0.3424322300000002
0.2188864,6.75594722e-06,0.34320145999999996
0.2188914,6.52567351e-06,0.3440109600000001
0.2188964,6.27534938e-06,0.3448581799999999
0.2189014,6.00574096e-06,0.34574048999999984
0.2189064,5.71768108e-06,0.3466551400000002
0.2189114,5.41205356e-06,0.34759930000000017
0.2189164,5.0897955e-06,0.3485700599999999
0.2189214,4.75190203e-06,0.34956436
0.2189264,4.39940917e-06,0.35057916999999983
0.2189314,4.03340111e-06,0.3516113299999999
0.2189364,3.65500331e-06,0.3526576600000002
0.2189414,3.26537862e-06,0.35371492999999976
0.2189464,2.86572442e-06,0.3547798899999999
0.2189514,2.45727026e-06,0.3558492500000001
0.2189564,2.04127109e-06,0.35691972999999977
0.2189614,1.61900436e-06,0.3579880400000002
0.2189664,1.19177059e-06,0.3590509099999999
0.2189714,7.60882597e-07,0.3601050800000001
0.2189764,3.27663286e-07,0.3611473299999999
0.2189814,-1.06555222e-07,0.36217447
0.2189864,-5.40438354e-07,0.36318337
0.2189914,-9.72650999e-07,0.36417094000000017
0.2189964,-1.40186653e-06,0.3651341800000001
0.2190014,-1.82676545e-06,0.3660701700000002
0.2190064,-2.24604034e-06,0.36697603999999995
0.2190114,-2.65840364e-06,0.36784905
0.2190164,-3.06258787e-06,0.36868656
0.2190214,-3.45734962e-06,0.3694860200000001
0.2190264,-3.84147856e-06,0.3702450100000001
0.2190314,-4.21379052e-06,0.37096121999999987
0.2190364,-4.57314223e-06,0.3716324999999998
0.2190414,-4.91843073e-06,0.3722568099999999
0.2190464,-5.24859426e-06,0.3728322700000002
0.2190514,-5.56261728e-06,0.3733571199999999
0.2190564,-5.85953394e-06,0.37382979999999977
0.2190614,-6.13843399e-06,0.3742488800000001
0.2190664,-6.39845859e-06,0.37461308000000026
0.2190714,-6.63880991e-06,0.37492130999999995
0.2190764,-6.85874887e-06,0.37517263999999995
0.2190814,-7.05759822e-06,0.37536630000000004
0.2190864,-7.23474847e-06,0.3755016999999998
0.2190914,-7.38965534e-06,0.37557846000000006
0.2190964,-7.52184128e-06,0.3755963200000001
0.2191014,-7.63090241e-06,0.3755552200000001
0.2191064,-7.71650285e-06,0.37545530000000027
0.2191114,-7.77837861e-06,0.3752968499999998
0.2191164,-7.81634062e-06,0.3750803300000001
0.2191214,-7.83027173e-06,0.3748064000000002
0.2191264,-7.8201309e-06,0.3744759
0.2191314,-7.78594872e-06,0.37408979
0.2191364,-7.72782905e-06,0.37364925000000015
0.2191414,-7.64595204e-06,0.3731555999999998
0.2191464,-7.54056994e-06,0.37261034000000026
0.2191514,-7.41200705e-06,0.3720150999999998
0.2191564,-7.26065909e-06,0.37137169999999986
0.2191614,-7.08698808e-06,0.3706820500000001
0.2191664,-6.89153145e-06,0.3699482599999999
0.2191714,-6.67489019e-06,0.3691725499999998
0.2191764,-6.43772837e-06,0.36835726
0.2191814,-6.18077865e-06,0.36750488000000026
0.2191864,-5.90482775e-06,0.36661798
0.2191914,-5.61072392e-06,0.3656992800000003
0.2191964,-5.29937444e-06,0.3647515399999999
0.2192014,-4.97173497e-06,0.36377769000000004
0.2192064,-4.62881077e-06,0.36278067000000025
0.2192114,-4.27166086e-06,0.36176353000000017
0.2192164,-3.90137824e-06,0.36072939000000015
0.2192214,-3.51910304e-06,0.35968139999999993
0.2192264,-3.12601298e-06,0.35862278000000014
0.2192314,-2.72331173e-06,0.35755678999999985
0.2192364,-2.31224147e-06,0.3564866899999999
0.2192414,-1.89406475e-06,0.3554157600000001
0.2192464,-1.4700652e-06,0.35434732
0.2192514,-1.04154921e-06,0.3532846599999999
0.2192564,-6.09831013e-07,0.35223103999999994
0.2192614,-1.76239288e-07,0.3511897399999997
0.2192664,2.57892184e-07,0.35016396000000016
0.2192714,6.91230568e-07,0.34915687000000006
0.2192764,1.12244335e-06,0.3481716100000001
0.2192814,1.55020455e-06,0.3472112300000001
0.2192864,1.9732e-06,0.3462787100000002
0.2192914,2.39013023e-06,0.3453769499999999
0.2192964,2.79971218e-06,0.34450873000000004
0.2193014,3.20068692e-06,0.3436767900000002
0.2193064,3.59182393e-06,0.34288370999999995
0.2193114,3.97191961e-06,0.3421319399999998
0.2193164,4.3398043e-06,0.3414238599999999
0.2193214,4.69434991e-06,0.34076165000000014
0.2193264,5.03446588e-06,0.3401473899999998
0.2193314,5.35910736e-06,0.33958299000000025
0.2193364,5.66727564e-06,0.3390702200000002
0.2193414,5.95802395e-06,0.3386106899999999
0.2193464,6.23045931e-06,0.33820581999999977
0.2193514,6.48374426e-06,0.33785688999999985
0.2193564,6.71709988e-06,0.3375649799999998
0.2193614,6.92981032e-06,0.33733100999999976
0.2193664,7.12122231e-06,0.33715569999999984
0.2193714,7.29074581e-06,0.3370396
0.2193764,7.43786214e-06,0.3369830600000001
0.2193814,7.56211725e-06,0.33698627999999986
0.2193864,7.66313059e-06,0.33704922000000015
0.2193914,7.74059296e-06,0.33717169000000013
0.2193964,7.7942643e-06,0.3373532899999998
0.2194014,7.82398235e-06,0.3375934599999999
0.2194064,7.82965389e-06,0.33789143
0.2194114,7.8112626e-06,0.3382462799999999
0.2194164,7.76886611e-06,0.3386568699999999
0.2194214,7.70259358e-06,0.3391219300000001
0.2194264,7.61265027e-06,0.33963999999999994
0.2194314,7.49931169e-06,0.3402094499999999
0.2194364,7.36292856e-06,0.34082849000000004
0.2194414,7.20391836e-06,0.3414951900000003
0.2194464,7.02276985e-06,0.34220746999999996
0.2194514,6.82004173e-06,0.34296309000000025
0.2194564,6.59635597e-06,0.34375972
0.2194614,6.3524017e-06,0.34459485
0.2194664,6.08892953e-06,0.3454659
0.2194714,5.80674665e-06,0.3463701399999999
0.2194764,5.50672212e-06,0.34730478
0.2194814,5.1897783e-06,0.3482669100000002
0.2194864,4.85688919e-06,0.34925355
0.2194914,4.50908056e-06,0.35026164000000004
0.2194964,4.14741969e-06,0.3512880800000002
0.2195014,3.77301704e-06,0.35232968
0.2195064,3.38702416e-06,0.35338322999999994
0.2195114,2.99062947e-06,0.35444549000000003
0.2195164,2.58505109e-06,0.35551318
0.2195214,2.17153413e-06,0.3565830200000002
0.2195264,1.75135041e-06,0.35765172999999995
0.2195314,1.32579234e-06,0.35871602999999985
0.2195364,8.96166349e-07,0.35977265999999997
0.2195414,4.6379359e-07,0.36081838
0.2195464,3.00050516e-08,0.36185
0.2195514,-4.03867572e-07,0.36286434999999995
0.2195564,-8.36491889e-07,0.36385837
0.2195614,-1.26653573e-06,0.3648290000000003
0.2195664,-1.69267792e-06,0.36577331000000024
0.2195714,-2.11361058e-06,0.3666884100000001
0.2195764,-2.52803805e-06,0.36757152000000026
0.2195814,-2.93468627e-06,0.3684199699999997
0.2195864,-3.33230694e-06,0.3692311800000001
0.2195914,-3.71967616e-06,0.37000268999999997
0.2195964,-4.09560464e-06,0.37073215999999976
0.2196014,-4.45893678e-06,0.37141738
0.2196064,-4.80855543e-06,0.3720563000000001
0.2196114,-5.14338727e-06,0.37264695000000003
0.2196164,-5.46240068e-06,0.3731875900000001
0.2196214,-5.76461761e-06,0.3736765499999999
0.2196264,-6.04910816e-06,0.3741123599999998
0.2196314,-6.31499867e-06,0.3744937199999998
0.2196364,-6.56147235e-06,0.3748194599999999
0.2196414,-6.78776879e-06,0.37508861000000016
0.2196464,-6.9931972e-06,0.37530036
0.2196514,-7.177124e-06,0.3754540500000001
0.2196564,-7.33898178e-06,0.3755492199999999
0.2196614,-7.47827658e-06,0.37558557999999986
0.2196664,-7.59458022e-06,0.37556304000000007
0.2196714,-7.68753223e-06,0.37548163999999984
0.2196764,-7.75685042e-06,0.3753416300000001
0.2196814,-7.80232182e-06,0.3751434199999999
0.2196864,-7.82380477e-06,0.37488762
0.2196914,-7.82123514e-06,0.37457499000000016
0.2196964,-7.79462028e-06,0.3742064599999999
0.2197014,-7.74404211e-06,0.37378314999999995
0.2197064,-7.66965659e-06,0.37330633999999985
0.2197114,-7.57169233e-06,0.37277745000000007
0.2197164,-7.45045168e-06,0.37219809000000015
0.2197214,-7.30630674e-06,0.3715699899999998
0.2197264,-7.13970088e-06,0.3708950700000002
0.2197314,-6.95114613e-06,0.3701753600000002
0.2197364,-6.74122203e-06,0.36941303000000003
0.2197414,-6.51057599e-06,0.36861041000000005
0.2197464,-6.25991504e-06,0.36776992
0.2197514,-5.99001004e-06,0.36689410999999983
0.2197564,-5.70169302e-06,0.3659856400000001
0.2197614,-5.39584812e-06,0.36504729000000014
0.2197664,-5.07341613e-06,0.36408189999999996
0.2197714,-4.73538926e-06,0.36309243
0.2197764,-4.38280471e-06,0.3620818800000001
0.2197814,-4.01674973e-06,0.3610533599999999
0.2197864,-3.63834794e-06,0.3600100100000001
0.2197914,-3.24876137e-06,0.3589550199999998
0.2197964,-2.8491896e-06,0.3578916299999999
0.2198014,-2.4408591e-06,0.35682309999999995
0.2198064,-2.02502676e-06,0.3557527300000001
0.2198114,-1.60297094e-06,0.35468378
0.2198164,-1.1759883e-06,0.3536195899999999
0.2198214,-7.45391909e-07,0.3525634099999999
0.2198264,-3.12503486e-07,0.35151850000000007
0.2198314,1.21343249e-07,0.35048811000000013
0.2198364,5.54815063e-07,0.3494754200000003
0.2198414,9.86582168e-07,0.3484835500000001
0.2198464,1.41531609e-06,0.34751560999999986
0.2198514,1.83969882e-06,0.34657457
0.2198564,2.25842465e-06,0.3456633699999998
0.2198614,2.67020862e-06,0.34478484
0.2198664,3.07378352e-06,0.34394170999999996
0.2198714,3.46790917e-06,0.3431366200000001
0.2198764,3.85137554e-06,0.3423720699999999
0.2198814,4.22300202e-06,0.34165043000000006
0.2198864,4.5816483e-06,0.34097397000000007
0.2198914,4.92621133e-06,0.34034479000000006
0.2198964,5.25563143e-06,0.33976485999999984
0.2199014,5.56889685e-06,0.3392360000000001
0.2199064,5.86504509e-06,0.33875985
0.2199114,6.14316668e-06,0.33833791000000013
0.2199164,6.40240615e-06,0.33797147000000005
0.2199214,6.64196567e-06,0.3376617200000003
0.2199264,6.86111143e-06,0.3374095899999998
0.2199314,7.05916883e-06,0.33721588
0.2199364,7.2355282e-06,0.33708119999999986
0.2199414,7.38965018e-06,0.33700595
0.2199464,7.5210603e-06,0.33699038000000003
0.2199514,7.62935433e-06,0.33703452
0.2199564,7.71419978e-06,0.3371382399999998
0.2199614,7.7753371e-06,0.33730119999999975
0.2199664,7.81257805e-06,0.33752289999999996
0.2199714,7.82580923e-06,0.3378026299999999
0.2199764,7.81498879e-06,0.33813950000000004
0.2199814,7.78015018e-06,0.33853246000000015
0.2199864,7.72140167e-06,0.3389802700000002
0.2199914,7.6389243e-06,0.33948153999999997
0.2199957,7.54920585e-06,0.3399542099999999
0.22,7.44232931e-06,0.34046416
